{"coherence": 0.029736826633331555, "teacher_coherence": 0.06317122157079308, "top_tokens": [["\u04e9\u0444\u04e9\u043b\u04d9", "\u043c\u0438\u043b\u043b\u0438", "\u0441\u0430\u0493\u044b\u0443", "\u043f\u0435\u0441\u043d\u0438", "\u0440\u0435\u0441\u043f\u0443\u0431\u043b\u0438\u043a\u0430", "\u04a1\u0443\u043d\u0430\u04a1\u0442\u0430\u0440", "\u0431\u0430\u0448\u04a1\u043e\u0440\u0442\u043e\u0441\u0442\u0430\u043d", "\u0440\u0435\u0441\u043f\u0443\u0431\u043b\u0438\u043a\u0430\u04bb\u044b", "\u0431\u0438\u0440\u0435\u04af", "\u0443\u0440\u044b\u043d\u0493\u0430"], ["\u0433\u0435\u043d\u04d9", "\u043c\u0435\u043d\u04d9\u043d", "\u0431\u044b\u043b", "\u0431\u0443\u043b\u044b\u043f", "\u043a\u0438\u043b\u0435\u043f", "\u0430\u043b\u044b\u043f", "\u0431\u0443\u043b\u0430", "\u0431\u0438\u043a", "\u0442\u0438\u0433\u04d9\u043d", "\u0431\u0430\u0440\u044b\u043f"], ["\u0445\u0438\u0442\u0430\u0438", "\u0443\u0438", "\u0431\u0438\u043b\u04d9\u043d", "\u0434\u0435\u0433\u04d9\u043d", "\u0430\u043c\u0435\u0440\u0438\u043a\u0430", "\u0434\u0443", "\u0493\u0443\u0440", "\u0438\u043a\u043a\u0438", "\u043d\u0438\u04a3", "\u0434\u04e9\u043b\u04d9\u0442"], ["\u0445\u0438\u0442\u0430\u0438", "\u0443\u0438", "\u0434\u0443", "\u0493\u0443\u0440", "\u0431\u0438\u043b\u04d9\u043d", "\u0430\u043c\u0435\u0440\u0438\u043a\u0430", "\u0438\u043a\u043a\u0438", "\u0434\u04e9\u043b\u04d9\u0442", "\u043d\u0438\u04a3", "\u0434\u0435\u0433\u04d9\u043d"], ["\u04bb\u04e9\u043a\u04af\u043c\u0438\u0442\u0438", "\u043d\u0430\u043c\u043b\u0438\u049b", "\u04bb\u04e9\u043a\u04af\u043c\u0438\u0442\u0438\u043d\u0438\u04a3", "\u0431\u04d9\u0440\u0433\u04d9\u043d", "\u0438\u043a\u04d9\u043d\u043b\u0438\u043a\u0438", "\u0434\u04d9\u0440\u04bb\u0430\u043b", "\u0442\u04d9\u0440\u0438\u043f\u0438\u0434\u0438\u043d", "\u0431\u0435\u0440\u043d\u0434\u0430", "\u0441\u0438\u0437", "\u043a\u04d9\u043b\u0433\u04d9\u043d"], ["\u043a\u0430\u0440\u0442\u0430", "\u043a\u043e\u043d\u0446\u0435\u0440\u0442\u044b", "\u043c\u0443\u043d\u0438\u0446\u0438\u043f\u0430\u043b\u044c", "\u0434\u0438\u0440\u0435\u043a\u0442\u043e\u0440", "\u043a\u043e\u043c\u0430\u043d\u0434\u0430", "\u0443\u0447\u0430\u0441\u0442\u0438\u0435", "\u0441\u04d9\u0445\u043d\u04d9", "\u0443\u0430\u0433\u044a\u0434", "\u043a\u0430\u043a", "\u043a\u043e\u043d\u0446\u0435\u0440\u0442"], ["\u0443\u043b\u0430\u0440", "\u0442\u04d9\u0440\u0438\u043f\u0438\u0434\u0438\u043d", "\u0435\u043b\u0438\u043f", "\u0431\u0430\u0440", "\u04bb\u04e9\u043a\u04af\u043c\u0438\u0442\u0438", "\u0431\u0438\u0440", "\u0434\u04d9\u0440\u0438\u0497\u0438\u0434\u04d9", "\u0431\u044b\u043b", "\u04bb\u04d9\u043c", "\u04d9\u0440\u043a\u0438\u043d"], ["\u04bb\u04e9\u043a\u04af\u043c\u0438\u0442\u0438\u043d\u0438\u04a3", "\u0442\u04d9\u0440\u0438\u043f\u0438\u0434\u0438\u043d", "\u043a\u04af\u043d\u0438", "\u043a\u0438\u0448\u0438\u043b\u0438\u043a", "\u049b\u0430\u0442\u0430\u0440\u043b\u0438\u049b", "\u04bb\u04e9\u043a\u04af\u043c\u0438\u0442\u0438", "\u0435\u043b\u0438\u043f", "\u0435\u043b\u0430\u043d", "\u0434\u04d9\u0440\u04bb\u0430\u043b", "\u04d9\u043f\u04d9\u043d\u0434\u0438"], ["\u0431\u0438\u043b\u04d9\u043d", "\u0445\u0438\u0442\u0430\u0438", "\u0434\u04e9\u043b\u04d9\u0442", "\u0430\u043c\u0435\u0440\u0438\u043a\u0430", "\u0443\u0438", "\u0438\u043a\u043a\u0438", "\u043d\u0438\u04a3", "\u0434\u0435\u0433\u04d9\u043d", "\u0434\u0443", "\u0434\u04d9\u043f"], ["\u0434\u0443", "\u043e\u0442\u0442\u0443\u0440\u0438\u0441\u0438\u0434\u0438\u043a\u0438", "\u0443\u0438", "\u0493\u0443\u0440", "\u0430\u0438", "\u0497\u0438\u043d\u043f\u0438\u04a3", "\u0442\u04d9\u0438", "\u0445\u0438\u0442\u0430\u0438", "\u0438\u043a\u043a\u0438", "\u0441\u04e9\u0437"], ["\u0442\u0443\u0440\u0430\u04bb\u044b\u043d\u0434\u0430", "\u0431\u0435\u0499\u0433\u04d9", "\u0431\u0430\u0448\u04a1\u043e\u0440\u0442\u043e\u0441\u0442\u0430\u043d", "\u0431\u0430\u0448\u04a1\u043e\u0440\u0442\u043e\u0441\u0442\u0430\u043d\u0434\u0430", "\u0441\u043e\u0446\u0438\u0430\u043b\u044c", "\u0440\u0443\u0445\u0438", "\u0431\u0430\u0448\u04a1\u043e\u0440\u0442\u043e\u0441\u0442\u0430\u043d\u0434\u044b\u04a3", "\u0438\u0442\u043a\u04d9\u043d", "\u043c\u0438\u043b\u043b\u0438\u043e\u043d", "\u0430\u043b\u044b\u0440\u0493\u0430"], ["\u043e\u0499\u0430\u04a1", "\u0433\u0435\u043d\u04d9", "\u043a\u04af\u0499", "\u043a\u0435\u043d\u04d9", "\u04af\u0442\u043a\u04d9\u043d", "\u0431\u04e9\u0433\u04e9\u043d", "\u0431\u0438\u0442", "\u04bb\u0430\u043b\u044b\u043f", "\u043c\u0430\u0442\u0443\u0440", "\u0430\u0440\u0430\u04bb\u044b\u043d\u0434\u0430"], ["\u0433\u0435\u043d\u04d9", "\u04bb\u04d9\u043c", "\u0430\u0443\u044b\u043b\u044b\u043d\u0434\u0430", "\u0431\u0430\u0448\u04a1\u0430", "\u0493\u044b\u043d\u0430", "\u0442\u0438\u043a\u043b\u0435\u043c", "\u0431\u04e9\u0442\u04d9", "\u0431\u044b\u043b", "\u043e\u0499\u0430\u04a1", "\u0438\u0442\u0435\u04af"], ["\u043a\u0438\u0448\u0438\u043b\u0438\u043a", "\u04bb\u04e9\u043a\u04af\u043c\u0438\u0442\u0438\u043d\u0438\u04a3", "\u0431\u0438\u0440", "\u04bb\u043e\u049b\u0443\u049b", "\u04bb\u04d9\u049b\u049b\u0438\u0434\u04d9", "\u0435\u043b\u0438\u043f", "\u0431\u0438\u043b\u04d9\u043d", "\u0431\u0430\u0448", "\u04bb\u04e9\u043a\u04af\u043c\u0438\u0442\u0438", "\u0438\u043a\u04d9\u043d\u043b\u0438\u043a\u0438\u043d\u0438"], ["\u0430\u043b\u044b\u043f", "\u043c\u0430\u0442\u0443\u0440", "\u0499\u0443\u0440", "\u0493\u044b\u043d\u0430", "\u0430\u0443\u044b\u043b\u0493\u0430", "\u0442\u04d9\u04af\u0433\u0435", "\u04a1\u044b\u043d\u0430", "\u04e9\u04ab\u0442\u04e9\u043d\u04d9", "\u0431\u0430\u0440\u044b\u043f", "\u044f\u0440\u0499\u0430\u043c"], ["\u043c\u0430\u0442\u0443\u0440", "\u0431\u0438\u0442", "\u0433\u0435\u043d\u04d9", "\u0430\u043b\u044b\u043f", "\u0442\u0435\u043b", "\u043a\u04af\u0499", "\u0493\u044b\u043d\u0430", "\u043a\u0438\u043b\u0435\u043f", "\u04d9\u043b\u0435", "\u0431\u044b\u043b"], ["\u0438\u0441\u0435\u043c\u0435\u043d\u0434\u04d9\u0433\u0435", "\u04bb\u0443\u043c\u0493\u0430", "\u0442\u0430\u0440\u0430\u0444\u044b\u043d\u0430\u043d", "\u043a\u0430\u043a", "\u0430\u0440\u043d\u0430\u043b\u0493\u0430\u043d", "\u0440\u0435\u0441\u043f\u0443\u0431\u043b\u0438\u043a\u0430", "\u0431\u0430\u0448\u04a1\u043e\u0440\u0442\u043e\u0441\u0442\u0430\u043d", "\u0441\u044b\u0493\u044b\u0448", "\u0445\u0430\u04a1\u044b", "\u0443\u04a1\u044b\u0443\u0441\u044b\u043b\u0430\u0440"], ["\u0445\u0430\u0442\u0442", "\u043a\u043e\u0434\u0442\u0430", "\u0443\u0430\u0433\u044a\u0434", "\u0430\u0437\u044b", "\u00e6\u043c\u00e6", "\u0442\u0433\u1d0f\u043f\u0261", "\u1d0b\u04bb\u026a", "\u043a\u0443\u044b\u0434", "\u043a\u00e6\u043d\u044b\u043d", "\u0444\u00e6\u0441\u0442\u00e6"], ["\u0431\u0430\u0448\u04a1\u0430", "\u0433\u0435\u043d\u04d9", "\u0431\u0438\u0442", "\u0431\u044b\u043b", "\u0441\u04e9\u043d\u043a\u0438", "\u0430\u043b\u044b\u043f", "\u0435\u04a3\u0435\u043b", "\u043a\u0435\u043d\u04d9", "\u043a\u0438\u043b\u0435\u043f", "\u043d\u0438\u043c\u04d9"], ["\u0445\u0438\u0442\u0430\u0438", "\u0443\u0438", "\u0431\u0438\u043b\u04d9\u043d", "\u0434\u0443", "\u043d\u0438\u04a3", "\u0493\u0443\u0440", "\u0438\u043a\u043a\u0438", "\u0434\u04e9\u043b\u04d9\u0442", "\u0430\u043c\u0435\u0440\u0438\u043a\u0430", "\u0434\u0435\u0433\u04d9\u043d"]],