{"coherence": -0.031223097047640008, "teacher_coherence": 0.06317122157079308, "top_tokens": [["\u0443\u0438", "\u0434\u0443", "\u0445\u0438\u0442\u0430\u0438", "\u0493\u0443\u0440", "\u04bb\u04d9\u0440\u0431\u0438\u0438", "\u0448\u0430\u04a3\u0440\u0438\u043b\u0430", "\u0438\u043a\u043a\u0438", "\u0434\u0435\u0433\u04d9\u043d", "\u0431\u0438\u0432\u0430\u0441\u0438\u0442\u04d9", "\u0430\u0438"], ["\u0431\u0438\u0440", "\u0431\u0438\u043b\u04d9\u043d", "\u0430\u043c\u0435\u0440\u0438\u043a\u0430", "\u0443\u043d\u0438\u04a3", "\u049b\u0430\u0440\u0448\u0438", "\u0435\u043b\u0438\u043f", "\u049b\u0438\u043b\u0493\u0430\u043d", "\u0431\u043e\u043b\u0493\u0430\u043d", "\u0434\u04d9\u043f", "\u0434\u04e9\u043b\u04d9\u0442"], ["\u04d9\u0499\u04d9\u0431\u0438", "\u0441\u0430\u043b\u0430\u0443\u0430\u0442", "\u0434\u04d9\u04af\u043b\u04d9\u0442", "\u0431\u04af\u043b\u04d9\u043a", "\u0442\u0443\u0440\u0430\u04bb\u044b\u043d\u0434\u0430", "\u044f\u04a3\u044b", "\u04bb\u0430\u043b\u044b\u043f", "\u0438\u0436\u0430\u0434", "\u0430\u043b\u0434\u044b\u043d\u0430\u043d", "\u0430\u0443\u044b\u043b"], ["\u0443\u0438", "\u0434\u0443", "\u0445\u0438\u0442\u0430\u0438", "\u0431\u0438\u0437", "\u0493\u0443\u0440", "\u0438\u043a\u043a\u0438", "\u0431\u0438\u043b\u04d9\u043d", "\u0434\u04d9\u043f", "\u0434\u0435\u0433\u04d9\u043d", "\u0430\u043c\u0435\u0440\u0438\u043a\u0430"], ["\u0430\u0440\u049b\u0438\u043b\u0438\u049b", "\u04bb\u04e9\u043a\u04af\u043c\u04d9\u0442", "\u0442\u04d9\u0440\u0438\u043f\u0438\u0434\u0438\u043d", "\u043e\u0445\u0448\u0430\u0448", "\u0434\u04d9\u0440\u04bb\u0430\u043b", "\u043a\u04d9\u043b\u0433\u04d9\u043d", "\u0431\u04d9\u0440\u0433\u04d9\u043d", "\u043d\u0430\u043c\u043b\u0438\u049b", "\u049b\u0438\u043b\u0438\u0448\u049b\u0430", "\u04d9\u043f\u04d9\u043d\u0434\u0438"], ["\u0442\u0438\u043f", "\u043a\u0435\u0448\u0435", "\u043a\u04af\u043f\u0442\u04d9\u043d", "\u0442\u04af\u0433\u0435\u043b", "\u044f\u0442\u04a1\u0430\u043d", "\u0438\u043a\u0435\u043d\u0441\u0435", "\u0431\u0443\u043b\u0493\u0430\u043d", "\u0493\u044b\u043d\u0430", "\u0431\u0435\u0440", "\u043c\u0438\u043d\u0435\u04a3"], ["\u0431\u04d9\u0442", "\u043a\u0430\u0440\u0442\u0430", "\u043d\u043e\u0442\u044b", "\u043d\u0435\u043c\u0438\u043d\u0438", "\u0444\u00e6\u0441\u0442\u00e6", "\u0446\u00e6\u0440\u0434\u0436\u044b\u0442\u00e6", "\u0434\u043b\u044f", "\u044d\u0442\u043e", "400", "\u0432\u0430\u0448"], ["\u0442\u04d9\u0440\u0438\u043f\u0438\u0434\u0438\u043d", "\u0434\u04d9\u0440\u04bb\u0430\u043b", "\u04bb\u04e9\u0440\u043c\u04d9\u0442", "\u049b\u0438\u043b\u0493\u0430\u043d", "\u0434\u04d9\u0440\u0438\u0497\u0438\u0434\u04d9", "\u0441\u0438\u0437", "\u04d9\u0440\u043a\u0438\u043d", "\u0442\u043e\u0440", "\u043a\u04e9\u0437", "\u043d\u0430\u0440\u0430\u0437\u0438\u043b\u0438\u049b"], ["\u04d9\u043f\u04d9\u043d\u0434\u0438", "\u0442\u043e\u0493\u0440\u0438\u0441\u0438\u0434\u0430", "\u0442\u04d9\u0440\u0438\u043f\u0438\u0434\u0438\u043d", "\u0441\u0438\u0437", "\u0438\u043b\u0433\u0438\u0440\u0438", "\u0445\u0430\u043d\u0438\u043c", "\u04bb\u04e9\u0440\u043c\u04d9\u0442", "\u043d\u0430\u0440\u0430\u0437\u0438\u043b\u0438\u049b", "\u0430\u0440\u049b\u0438\u043b\u0438\u049b", "\u043c\u04d9\u0437\u043a\u0443\u0440"], ["\u0493\u044b\u043d\u0430", "\u0433\u0435\u043d\u04d9", "\u04d9\u043b\u043b\u04d9", "\u0431\u0438\u0442", "\u0431\u0435\u0440", "\u0445\u0430\u0442\u0442\u0430", "\u0431\u0430\u0440\u044b\u043f", "\u0431\u0435\u0499\u0499\u0435\u04a3", "\u0445\u04d9\u0499\u0435\u0440", "\u0442\u0438\u043a"], ["\u0442\u04bb\u1d07\u1d0f", "\u1d0b\u04bb\u026a", "\u0455\u0251\u1d1c", "\u0261\u026a\u0251", "\u1d04\u1d0f\u043f", "\u1d04\u04bb\u1d0f", "\u0442\u0433\u1d0f\u043f\u0261", "\u04d9\u043f\u04d9\u043d\u0434\u0438", "\u04bb\u0251\u026a", "\u0251\u043f\u04bb"], ["\u0434\u0443", "\u04bb\u04d9\u0440\u0431\u0438\u0438", "\u0443\u0438", "\u0448\u0430\u04a3\u0440\u0438\u043b\u0430", "\u0431\u0438\u0432\u0430\u0441\u0438\u0442\u04d9", "\u0493\u0443\u0440", "\u0447\u0438\u049b\u0438\u043f", "\u0430\u0438", "\u043e\u0442\u0442\u0443\u0440\u0438\u0441\u0438\u0434\u0438\u043a\u0438", "\u04d9\u043b\u0430"], ["\u0438\u043a\u0435\u043d\u0441\u0435", "\u0441\u044b\u04a1\u04a1\u0430\u043d", "\u043c\u0435\u043d\u04d9\u043d", "\u0443\u043d\u0434\u0430", "\u0442\u0438\u043a", "\u043a\u04af\u0440\u04d9", "\u043a\u0435\u0448\u0435", "\u0438\u0437\u0433\u0435", "\u0431\u0438\u0442", "\u0445\u0430\u04a1\u044b\u043d\u0434\u0430"], ["\u0443\u0438", "\u0431\u0438\u0437", "\u0431\u0438\u043b\u04d9\u043d", "\u0434\u0443", "\u0445\u0438\u0442\u0430\u0438", "\u0438\u043a\u043a\u0438", "\u0434\u04d9\u043f", "\u0493\u0443\u0440", "\u0430\u043c\u0435\u0440\u0438\u043a\u0430", "\u043e\u0442\u0442\u0443\u0440\u0438\u0493\u0430"], ["\u04e9\u04ab\u0442\u04e9\u043d\u04d9", "\u0441\u0430\u0440\u0430", "\u044f\u0499\u0493\u0430\u043d", "100", "\u043c\u0443\u043d\u0438\u0446\u0438\u043f\u0430\u043b\u044c", "150", "\u043b\u0430\u0443\u0440\u0435\u0430\u0442\u044b", "\u0443\u0440\u044b\u043d\u0431\u0430\u04ab\u0430\u0440\u044b", "\u04af\u0499\u04d9\u043a", "\u0430\u043b\u0442\u044b\u043d"], ["\u043c\u0430\u0445\u0441\u0443\u0441", "\u04a1\u0430\u0442\u044b\u043d\u044b", "\u0442\u04af\u0433\u0435\u043b", "\u043e\u043b\u043e", "\u0438\u0437\u0433\u0435", "\u04d9\u0499\u04d9\u0431\u0438", "\u043a\u04af\u043f\u0442\u04d9\u043d", "\u043a\u0435\u04af\u0435\u043a", "\u043d\u044b\u04a1", "\u0442\u0443\u043b\u044b"], ["\u0434\u043b\u044f", "\u0442\u0430\u043a", "email", "\u0440\u0430\u0437\u043c\u0435\u0441\u0442\u0438\u0442\u044c", "\u0440\u0430\u0434\u044b", "\u0440\u043e\u0441\u0441\u0438\u0438", "\u0432\u0430\u0448\u0443", "\u043d\u0435\u043c\u0438\u043d\u0438", "\u043e\u0441\u0443\u043d\u0434\u0430", "150"], ["\u04d9\u0499\u04d9\u0431\u0438", "\u0430\u0448\u0430", "\u0430\u0443\u044b\u043b", "\u0493\u044b\u043d\u0430", "\u0438\u043a\u0435\u043d\u0441\u0435", "\u0433\u0435\u043d\u04d9", "\u0442\u044b\u0443\u0493\u0430\u043d", "\u0443\u0440\u044b\u043d", "\u043c\u0435\u043d\u04d9\u043d", "\u0431\u0430\u0440\u044b\u043f"], ["\u0443\u0438", "\u0434\u0443", "\u0445\u0438\u0442\u0430\u0438", "\u0493\u0443\u0440", "\u0448\u0430\u04a3\u0440\u0438\u043b\u0430", "\u0438\u043a\u043a\u0438", "\u04bb\u04d9\u0440\u0431\u0438\u0438", "\u0434\u0435\u0433\u04d9\u043d", "\u0430\u043c\u0435\u0440\u0438\u043a\u0430", "\u049b\u0438\u043b\u0434\u0438"], ["\u0443\u0438", "\u0445\u0438\u0442\u0430\u0438", "\u0434\u0443", "\u0431\u0438\u043b\u04d9\u043d", "\u0438\u043a\u043a\u0438", "\u0430\u043c\u0435\u0440\u0438\u043a\u0430", "\u0493\u0443\u0440", "\u0431\u0438\u0437", "\u0434\u04d9\u043f", "\u0434\u0435\u0433\u04d9\u043d"]],