{"coherence": 0.05783705113046402, "teacher_coherence": 0.12645924998316968, "top_tokens": [["\u0648\u0648\u0688", "\u0628\u0627\u0644\u06cc", "\u0645\u0645\u0628\u0626\u06cc", "\u0628\u06be\u0627\u0631\u062a\u06cc", "\u0627\u062f\u0627\u06a9\u0627\u0631\u06c1", "\u0645\u06cc\u0688\u06cc\u0627", "\u0627\u0646\u06c1\u06cc\u06ba", "\u0633\u0648\u0634\u0644", "\u0645\u0639\u0631\u0648\u0641", "\u0641\u0644\u0645\u0648\u06ba"], ["\u0628\u06c1\u062a", "\u0641\u0644\u0645", "\u0646\u06c1\u06cc\u06ba", "\u062e\u0627\u0646", "\u06a9\u0627\u0645", "\u0633\u0627\u062a\u06be", "\u0627\u06cc\u06a9", "\u0627\u062f\u0627\u06a9\u0627\u0631\u06c1", "\u06a9\u0633\u06cc", "\u0627\u062f\u0627\u06a9\u0627\u0631"], ["\u067e\u0627\u06a9\u0633\u062a\u0627\u0646", "\u0628\u0648\u0631\u0688", "\u0645\u062d\u0645\u062f", "\u06a9\u06cc\u0644\u0626\u06d2", "\u06a9\u0645\u06cc\u0679\u06cc", "\u0642\u0648\u0645\u06cc", "\u0635\u062f\u0631", "\u0679\u0648\u0631\u0646\u0627\u0645\u0646\u0679", "\u0644\u06cc\u06af", "\u062c\u0627\u0626\u06d2"], ["\u06c1\u0648\u0626\u06cc", "\u0645\u0627\u0644\u06cc", "\u0642\u062f\u0631", "\u0628\u0691\u06be", "\u0627\u0636\u0627\u0641\u06c1", "\u0688\u0627\u0644\u0631", "\u0641\u06cc\u0635\u062f", "\u0633\u0631\u0645\u0627\u06cc\u06c1", "\u062c\u0628\u06a9\u06c1", "\u06a9\u0627\u0631\u0648\u0628\u0627\u0631\u06cc"], ["\u0645\u06cc\u0686", "\u0634\u06a9\u0633\u062a", "\u0631\u0646\u0632", "\u0633\u06cc\u0631\u06cc\u0632", "\u062c\u06cc\u062a", "\u0679\u06cc\u0645", "\u062d\u0627\u0635\u0644", "\u0641\u0627\u0626\u0646\u0644", "\u0628\u06be\u0627\u0631\u062a", "\u0679\u06cc\u0633\u0679"], ["\u0645\u06cc\u0686", "\u0634\u06a9\u0633\u062a", "\u0631\u0646\u0632", "\u0633\u06cc\u0631\u06cc\u0632", "\u062c\u06cc\u062a", "\u0679\u06cc\u0633\u0679", "\u062d\u0627\u0635\u0644", "\u06a9\u06be\u06cc\u0644\u06d2", "\u0645\u06cc\u0686\u0648\u06ba", "\u0644\u06cc\u0646\u0688"], ["\u067e\u0646\u062c\u0627\u0628", "\u0627\u06cc\u0646\u0688", "\u0627\u062c\u0644\u0627\u0633", "\u0627\u06cc\u0634\u0646", "\u062c\u0627\u0626\u06d2", "\u0686\u06cc\u0626\u0631\u0645\u06cc\u0646", "\u06cc\u0642\u06cc\u0646", "\u0646\u0627\u0626\u0628", "\u0627\u06cc\u0641", "\u0635\u0648\u0628\u0627\u0626\u06cc"], ["\u0641\u0644\u0645", "\u0627\u062f\u0627\u06a9\u0627\u0631\u06c1", "\u0648\u0648\u0688", "\u0628\u06c1\u062a", "\u0627\u0646\u06c1\u06cc\u06ba", "\u0628\u0627\u0644\u06cc", "\u06a9\u067e\u0648\u0631", "\u06a9\u06c1\u0646\u0627", "\u0627\u067e\u0646\u06cc", "\u0641\u0644\u0645\u0648\u06ba"], ["\u0631\u0646\u0632", "\u0645\u06cc\u0686", "\u0679\u06cc\u0645", "\u0634\u06a9\u0633\u062a", "\u0679\u06cc\u0633\u0679", "\u062d\u0627\u0635\u0644", "\u0633\u06cc\u0631\u06cc\u0632", "\u062c\u06cc\u062a", "\u0641\u0627\u0626\u0646\u0644", "\u0645\u06cc\u0686\u0632"], ["\u06a9\u0631\u06a9\u0679", "\u0679\u06cc\u0645", "\u067e\u0627\u06a9\u0633\u062a\u0627\u0646", "\u0633\u06cc\u0631\u06cc\u0632", "\u0645\u06cc\u0686", "\u06a9\u06be\u0644\u0627\u0691\u06cc\u0648\u06ba", "\u0679\u06cc\u0633\u0679", "\u0631\u0646\u0632", "\u06a9\u067e\u062a\u0627\u0646", "\u062d\u0627\u0635\u0644"], ["\u0627\u0639\u062a\u0645\u0627\u062f", "\u0627\u0646\u0639\u0627\u0645", "\u0645\u0648\u062c\u0648\u062f\u06c1", "\u0642\u062f\u0631", "\u0627\u06cc\u0633", "\u0648\u0633\u06cc\u0639", "\u062c\u0648\u0646", "\u06af\u0632\u0634\u062a\u06c1", "\u0631\u0648\u0627\u06ba", "\u0686\u0627\u06c1\u0626\u06d2"], ["\u0688\u0627\u0644\u0631", "\u0633\u0627\u0644", "\u0627\u0636\u0627\u0641\u06c1", "\u0627\u0631\u0628", "\u0641\u06cc\u0635\u062f", "\u0644\u0627\u06a9\u06be", "\u06c1\u0632\u0627\u0631", "\u06c1\u0648\u0627", "\u0631\u06c1\u0627", "\u067e\u0648\u0627\u0626\u0646\u0679\u0633"], ["2016", "\u0637\u0648\u06cc\u0644", "\u0628\u0691\u06be", "\u067e\u06c1\u0646\u0686", "\u0633\u0627\u0644", "\u0627\u0636\u0627\u0641\u06c1", "\u062f\u0648\u0631\u0627\u0646", "\u0642\u062f\u0631", "\u0627\u0639\u062f\u0627\u062f", "\u06c1\u0648\u06af\u0626\u06cc"], ["\u0627\u0633\u062a\u0639\u0645\u0627\u0644", "\u0632\u06cc\u0627\u062f\u06c1", "\u062a\u062d\u0642\u06cc\u0642", "\u0648\u0627\u0644\u06d2", "\u06af\u06cc\u0627", "\u06af\u0626\u06cc", "\u0627\u0641\u0631\u0627\u062f", "\u0637\u0648\u0631", "\u0635\u0627\u0631\u0641\u06cc\u0646", "\u0637\u0631\u062d"], ["\u0628\u0627\u062a", "\u0646\u06c1\u06cc\u06ba", "\u0648\u0627\u0644\u06cc", "\u0641\u0644\u0645", "\u0641\u0644\u0645\u0648\u06ba", "\u06a9\u0627\u0645", "\u06c1\u0648\u062a\u06cc", "\u06a9\u0686\u06be", "\u0628\u06c1\u062a", "\u0648\u06cc\u0688\u06cc\u0648"], ["\u0641\u0644\u0645", "\u0633\u0627\u062a\u06be", "\u0628\u0627\u0644\u06cc", "\u0648\u0648\u0688", "\u0641\u0644\u0645\u0648\u06ba", "\u0627\u062f\u0627\u06a9\u0627\u0631\u06c1", "\u0627\u062f\u0627\u06a9\u0627\u0631", "\u06a9\u0627\u0645", "\u0628\u06c1\u062a", "\u06a9\u067e\u0648\u0631"], ["\u0628\u0627\u0639\u062b", "\u0635\u0627\u0631\u0641\u06cc\u0646", "\u062f\u0648\u0631\u0627\u0646", "\u06c1\u0648\u0627", "\u0631\u0648\u067e\u06d2", "\u0632\u06cc\u0627\u062f\u06c1", "\u06c1\u0632\u0627\u0631", "\u0648\u0633\u06cc\u0639", "\u0637\u0648\u0631", "\u06c1\u0641\u062a\u06d2"], ["\u0627\u0639\u062a\u0645\u0627\u062f", "\u0632\u06cc\u0631", "\u0646\u062f\u06cc\u0645", "\u062d\u0642\u0648\u0642", "\u067e\u06c1\u0646\u0686\u06cc", "\u06a9\u0631\u0627\u0646\u06d2", "\u0645\u06cc\u0646\u0632", "\u067e\u0627\u0646\u0686", "2016", "\u0679\u06cc\u06a9\u0633"], ["\u0635\u062f\u0631", "\u0628\u0648\u0631\u0688", "\u0686\u06cc\u0641", "\u062c\u0646\u0631\u0644", "\u0627\u06cc\u0646\u0688", "\u0627\u062c\u0644\u0627\u0633", "\u0686\u06cc\u0626\u0631\u0645\u06cc\u0646", "\u06a9\u0645\u06cc\u0679\u06cc", "\u0633\u0646\u062f\u06be", "\u0688\u0627\u0626\u0631\u06cc\u06a9\u0679\u0631"], ["\u0633\u0631\u0645\u0627\u06cc\u06c1", "\u0628\u0691\u06be", "\u0688\u0627\u0644\u0631", "\u0642\u06cc\u0645\u062a", "\u06a9\u0645\u06cc", "\u0628\u06cc\u0646\u06a9", "\u0645\u0642\u0627\u0645\u06cc", "\u06af\u0626\u06cc", "\u0631\u0648\u067e\u06d2", "\u0633\u0627\u0644"]], "teacher_top_tokens": [["court", "judge", "prison", "trial", "justice", "guilty", "charges", "jury", "police", "sexual"], ["film", "like", "music", "star", "love", "movie", "art", "new", "photo", "get"], ["russian", "islamic", "russia", "military", "syrian", "nuclear", "saudi", "syria", "iran", "ukraine"], ["per", "market", "oil", "cent", "prices", "bank", "sales", "growth", "shares", "price"], ["game", "players", "season", "team", "league", "cup", "coach", "games", "win", "ball"], ["game", "players", "games", "season", "cup", "coach", "team", "league", "win", "club"], ["tea", "miller", "sweden", "grade", "kong", "howard", "jean", "letters", "evans", "stewart"], ["film", "music", "movie", "photo", "star", "art", "fashion", "images", "actress", "los"], ["game", "players", "coach", "cup", "league", "win", "play", "team", "ball", "season"], ["labour", "party", "election", "cameron", "voters", "vote", "would", "greek", "greece", "political"], ["tax", "labour", "scottish", "government", "nhs", "abbott", "labor", "scotland", "minister", "party"], ["migrants", "killed", "islamic", "refugees", "isis", "border", "syrian", "fire", "attack", "french"], ["police", "officers", "fire", "car", "man", "shooting", "crash", "arrested", "county", "officer"], ["cancer", "patients", "health", "women", "disease", "study", "blood", "researchers", "doctors", "medical"], ["trump", "clinton", "bush", "republican", "obama", "hillary", "presidential", "republicans", "president", "gop"], ["family", "mother", "told", "years", "like", "children", "women", "mrs", "home", "life"], ["water", "climate", "scientists", "researchers", "space", "study", "weather", "research", "food", "temperatures"], ["miller", "sweden", "tea", "grade", "kong", "jean", "howard", "stewart", "daughters", "letters"], ["obama", "iran", "nuclear", "president", "china", "united", "military", "state", "security", "sanctions"], ["oil", "market", "per", "cent", "bank", "prices", "price", "shares", "sales", "investors"]],