{"coherence": 0.02847293614018152, "cv_coherence": 0.7453592901880747, "top_tokens": [["\u0440\u0430\u04bb\u0438\u043b\u04d9", "\u0442\u04d9\u0440\u0438\u043f\u0438\u0434\u0438\u043d", "\u0442\u043e\u0493\u0440\u0438\u0441\u0438\u0434\u0430", "\u0434\u04d9\u0440\u04bb\u0430\u043b", "\u0431\u0430\u044f\u043d", "\u0438\u0448\u043b\u0438\u0442\u0438\u0448", "\u0431\u04d9\u0442\u0442\u04d9", "\u0442\u04d9\u0441\u0442\u0438\u049b\u043b\u0438\u043d\u0438\u0448\u0438", "\u0442\u04d9\u04bb\u0440\u0438\u0440\u043b\u0438\u043d\u0438\u0448\u0438", "\u0497\u0430\u0432\u0430\u0431\u043a\u0430\u0440"], ["\u0445\u0438\u0442\u0430\u0438", "\u0434\u0443", "\u0448\u0430\u04a3\u0440\u0438\u043b\u0430", "\u043e\u0442\u0442\u0443\u0440\u0438\u0441\u0438\u0434\u0438\u043a\u0438", "\u043c\u0443\u043d\u0431\u0438\u0440\u0438", "\u0441\u04e9\u04bb\u0431\u04d9\u0442\u043b\u0438\u0448\u0438\u0448", "\u04d9\u0442", "\u043c\u0443\u0434\u0430\u043f\u0438\u04d9", "\u043e\u049b", "\u0432\u04d9\u0437\u0438\u0438"], ["\u043d\u0435\u0442", "\u0434\u043b\u044f", "\u043b\u0435\u0442", "\u043c\u0430\u044f", "180", "\u043d\u0430\u0440\u043e\u0434\u043d\u0430\u044f", "\u0438\u043c\u044f", "\u0441\u0435\u043d\u0442\u044f\u0431\u0440\u044f", "\u0440\u043e\u0441\u0441\u0438\u0438", "\u0430\u043d\u0441\u0430\u043c\u0431\u043b\u044c"], ["\u0493\u0443\u0440", "\u0430\u0438", "\u04bb\u04d9\u0440\u0431\u0438\u0438", "\u0442\u04d9\u0438", "\u049b\u0430\u0440\u0430\u0438", "\u0432\u04d9\u043d", "\u0431\u0438\u0432\u0430\u0441\u0438\u0442\u04d9", "\u04d9\u043b\u0430", "\u0442\u043e\u049b\u0443\u043d\u0443\u0448", "\u0497\u0438\u043d\u043f\u0438\u04a3"], ["\u04bb\u04d9\u043c", "\u043c\u0435\u043d\u04d9\u043d", "\u0431\u0430\u0448\u04a1\u043e\u0440\u0442", "\u04e9\u0441\u04e9\u043d", "\u0431\u044b\u043b", "\u0443\u043b\u044b", "\u0445\u04d9\u0440\u0431\u0438", "\u0443\u043d\u044b\u04a3", "\u0445\u0430\u043b\u044b\u04a1", "\u0442\u0443\u0440\u0430\u04bb\u044b\u043d\u0434\u0430"], ["\u043d\u0435\u0442", "\u0434\u043b\u044f", "\u043b\u0435\u0442", "\u043d\u0430\u0440\u043e\u0434\u043d\u0430\u044f", "180", "\u043c\u0430\u044f", "\u0438\u043c\u044f", "\u0441\u0435\u043d\u0442\u044f\u0431\u0440\u044f", "100", "\u043d\u0430\u0440\u043e\u0434\u043d\u043e\u0433\u043e"], ["\u0431\u0438\u043b\u04d9\u043d", "\u0431\u043e\u043b\u0493\u0430\u043d", "\u0431\u0438\u0440", "\u04af\u0447\u04af\u043d", "\u043d\u0438\u04a3", "\u0434\u04d9\u043f", "\u0443\u043d\u0438\u04a3", "\u0430\u043c\u0435\u0440\u0438\u043a\u0430", "\u0438\u043a\u043a\u0438", "\u049b\u0430\u0440\u0448\u0438"], ["\u043a\u00e6\u0446\u044b", "\u0430\u043a\u0442\u0438\u0432\u043e\u043d", "\u0444\u00e6\u0446\u044b\u0434", "\u0446\u044b\u0442\u00e6\u043d", "\u0447\u0438\u049b\u0438\u0448", "\u0431\u043e\u043d", "\u0445\u044a\u0443\u044b\u0434\u0434\u0430\u0433\u043c\u00e6", "\u0437\u00e6\u0440\u0434\u00e6\u043c\u00e6", "\u043e\u043c\u0430", "\u0430\u0434\u00e6\u043c"], ["\u0431\u0430\u0448\u04a1\u043e\u0440\u0442", "\u0445\u04d9\u0440\u0431\u0438", "\u0445\u0430\u043b\u044b\u04a1", "\u0431\u0430\u043b\u0430\u043b\u0430\u0440", "\u0434\u04d9\u04af\u043b\u04d9\u0442", "\u0431\u0430\u0448\u04a1\u043e\u0440\u0442\u043e\u0441\u0442\u0430\u043d", "\u044f\u04a3\u044b", "\u0443\u043b\u044b", "\u0431\u0435\u043b\u0435\u043c", "\u0445\u0435\u0499\u043c\u04d9\u0442"], ["\u043c\u0435\u043d\u04d9\u043d", "\u0431\u0435\u0440", "\u04bb\u04d9\u043c", "\u043c\u0438\u043d", "\u0431\u044b\u043b", "\u0443\u043d\u044b\u04a3", "\u04e9\u0441\u04e9\u043d", "\u043c\u0438\u043d\u0435\u04a3", "\u0448\u0443\u043b", "\u04d9\u043c\u043c\u04d9"], ["\u0435\u043b\u0430\u043d", "\u0431\u0438\u0440", "\u04bb\u04e9\u043a\u04af\u043c\u0438\u0442\u0438\u043d\u0438\u04a3", "\u04bb\u04e9\u043a\u04af\u043c\u0438\u0442\u0438", "\u0430\u0440\u049b\u0438\u043b\u0438\u049b", "\u043c\u04d9\u0437\u043a\u0443\u0440", "\u04d9\u043f\u04d9\u043d\u0434\u0438", "\u0442\u04d9\u0440\u0438\u043f\u0438\u0434\u0438\u043d", "\u049b\u0430\u0442\u0430\u0440\u043b\u0438\u049b", "\u0442\u043e\u0440"], ["\u0430\u0443\u0430\u0434\u0437\u044b\u043d\u044b", "\u0443\u0430\u0433\u044a\u0434", "\u00e6\u0440\u0446\u044b\u0434\u044b\u0441\u0442\u044b", "\u00e6\u0440\u043c\u00e6\u0441\u0442", "\u043a\u0430\u0444\u0442", "\u0446\u00e6\u0440\u0434\u0436\u044b\u0442\u00e6", "\u043d\u043e\u043c\u044b\u043b", "\u0440\u0430\u0437\u043c\u00e6", "\u043a\u044a\u043b\u00e6\u0441\u0442\u044b", "\u0445\u0435\u0442\u00e6\u0433\u043a\u0430\u0442\u044b"], ["\u0431\u0430\u0448\u04a1\u043e\u0440\u0442\u043e\u0441\u0442\u0430\u043d", "\u0431\u0430\u0448\u04a1\u043e\u0440\u0442", "\u0434\u04d9\u04af\u043b\u04d9\u0442", "\u0440\u0435\u0441\u043f\u0443\u0431\u043b\u0438\u043a\u0430", "\u043c\u04d9\u0499\u04d9\u043d\u0438\u04d9\u0442", "\u043c\u0438\u043b\u043b\u0438", "\u0440\u0435\u0441\u043f\u0443\u0431\u043b\u0438\u043a\u0430\u04bb\u044b\u043d\u044b\u04a3", "\u0441\u04d9\u043d\u0493\u04d9\u0442", "\u0445\u0430\u043b\u044b\u04a1", "\u0445\u04d9\u0440\u0431\u0438"], ["\u0493\u0443\u0440", "\u0430\u0438", "\u04bb\u04d9\u0440\u0431\u0438\u0438", "\u0442\u04d9\u0438", "\u049b\u0430\u0440\u0430\u0438", "\u0432\u04d9\u043d", "\u0431\u0438\u0432\u0430\u0441\u0438\u0442\u04d9", "\u04d9\u043b\u0430", "\u0442\u043e\u049b\u0443\u043d\u0443\u0448", "\u0497\u0438\u043d\u043f\u0438\u04a3"], ["\u043d\u0435\u0442", "\u0434\u043b\u044f", "\u043b\u0435\u0442", "\u043c\u0430\u044f", "180", "\u043d\u0430\u0440\u043e\u0434\u043d\u0430\u044f", "\u0438\u043c\u044f", "\u0441\u0435\u043d\u0442\u044f\u0431\u0440\u044f", "\u0440\u043e\u0441\u0441\u0438\u0438", "\u0440\u044b\u0431\u044b"], ["\u1d04\u04bb\u1d0f", "\u0442\u0433\u1d0f\u043f\u0261", "\u1d04\u1d0f\u043f", "\u1d0b\u04bb\u026a", "\u0455\u0251\u1d1c", "\u0251\u043f\u04bb", "\u0442\u04bb\u1d07\u1d0f", "\u0566\u1d1c\u0251\u043f", "\u0442\u026a\u043f", "\u1d06\u0251\u043f\u0261"], ["\u0431\u0435\u0440", "\u043c\u0438\u043d", "\u04d9\u043b\u043b\u04d9", "\u04bb\u0438\u043d", "\u0431\u0438\u0442", "\u0433\u0435\u043d\u04d9", "\u043a\u0438\u043b\u0435\u043f", "\u043c\u0438\u043d\u0435\u04a3", "\u0493\u044b\u043d\u0430", "\u043c\u0438\u043d\u0435"], ["\u00e6\u043c\u00e6", "\u043f\u0430\u0434\u0434\u0437\u0430\u0445\u0430\u0434\u043e\u043d", "\u0443\u044b\u0446\u044b", "\u0434\u00e6\u0440", "\u0445\u0443\u0441\u0441\u0430\u0440", "\u0430\u0437\u044b", "\u043a\u00e6\u043d\u044b\u043d\u044b", "\u043a\u043e\u0434\u0442\u0430", "\u0443\u044b\u0434\u043e\u043d", "\u0430\u0446\u044b"], ["\u0493\u0443\u0440", "\u0430\u0438", "\u04bb\u04d9\u0440\u0431\u0438\u0438", "\u0442\u04d9\u0438", "\u049b\u0430\u0440\u0430\u0438", "\u0432\u04d9\u043d", "\u0431\u0438\u0432\u0430\u0441\u0438\u0442\u04d9", "\u04d9\u043b\u0430", "\u0442\u043e\u049b\u0443\u043d\u0443\u0448", "\u0497\u0438\u043d\u043f\u0438\u04a3"], ["\u044f\u04a3\u044b", "\u0431\u0430\u043b\u0430\u043b\u0430\u0440", "\u0442\u0443\u0440\u0430\u04bb\u044b\u043d\u0434\u0430", "\u0430\u0440\u0430\u04bb\u044b\u043d\u0434\u0430", "\u0431\u04e9\u0442\u04d9", "\u04a1\u044b\u0499\u044b", "\u0431\u0435\u0440\u0435\u043d\u0441\u0435", "\u0442\u0443\u0493\u0430\u043d", "\u0434\u0430\u0443\u0430\u043c", "\u0443\u0440\u044b\u043d"]], "diversity": 0.705, "dataset": "news", "embedding_method": "CTM", "model": "CTM", "topic_method": "CTM", "language": "indonesian", "dataset_length": 2662, "average_document_length": 38.0, "vocab_size": 2599, "embedding_model": "BERT", "training_time": 156.79016876220703}