{"teacher_coherence": 0.046765374867224596, "cv_coherence": 0.5831856745286885, "teacher_top_tokens": [["\u0633\u0627\u0644", "\u0645\u0627\u0631\u06a9\u06cc\u0679", "\u0627\u0631\u0628", "\u06c1\u0632\u0627\u0631", "\u0631\u0648\u067e\u06d2", "\u06a9\u0645\u06cc", "\u0688\u0627\u0644\u0631", "\u06c1\u0648\u0627", "\u0628\u06cc\u0646\u06a9", "\u0641\u06cc\u0635\u062f"], ["\u0631\u0648\u067e\u06d2", "\u06c1\u0632\u0627\u0631", "\u0645\u0627\u0631\u06a9\u06cc\u0679", "\u0642\u06cc\u0645\u062a", "\u0633\u0627\u0644", "\u0688\u0627\u0644\u0631", "\u06c1\u0648\u0627", "\u0645\u0637\u0627\u0628\u0642", "\u0631\u06c1\u06cc", "\u0644\u0627\u06a9\u06be"], ["\u06a9\u0631\u06a9\u0679", "\u067e\u0627\u06a9\u0633\u062a\u0627\u0646", "\u0679\u06cc\u0645", "\u06a9\u06be\u0644\u0627\u0691\u06cc\u0648\u06ba", "\u0628\u0648\u0631\u0688", "\u0642\u0648\u0645\u06cc", "\u0679\u06cc\u0633\u0679", "\u06a9\u06c1\u0646\u0627", "\u06a9\u0648\u0686", "\u06a9\u06c1\u0627"], ["\u0627\u062f\u0627\u06a9\u0627\u0631\u06c1", "\u062e\u0627\u0646", "\u0633\u0627\u062a\u06be", "\u0628\u06c1\u062a", "\u0641\u0644\u0645", "\u0627\u06cc\u06a9", "\u0628\u0627\u0644\u06cc", "\u0627\u067e\u0646\u06d2", "\u0627\u067e\u0646\u06cc", "\u0634\u0627\u062f\u06cc"], ["\u067e\u0631\u0641\u0627\u0631\u0645", "\u0627\u062a\u0646\u06cc", "\u062d\u06a9\u0627\u0645", "\u0627\u0648\u067e\u0646\u0631", "\u06a9\u06cc\u0633", "\u0631\u0627\u062a", "\u0646\u0627\u06a9\u0627\u0645\u06cc", "\u0633\u06cc\u06a9\u06cc\u0648\u0631\u0679\u06cc", "\u0635\u0644\u0627\u062d\u06cc\u062a\u0648\u06ba", "2016"], ["\u0679\u06cc\u0645\u0648\u06ba", "\u0642\u0648\u0645\u06cc", "\u0627\u06cc\u0648\u0646\u0679", "\u062f\u0631\u0645\u06cc\u0627\u0646", "\u06a9\u06be\u0644\u0627\u0691\u06cc", "\u06a9\u06be\u06cc\u0644\u0627", "\u0641\u06cc\u0688\u0631\u06cc\u0634\u0646", "\u0641\u0627\u0626\u0646\u0644", "\u0679\u0648\u0631\u0646\u0627\u0645\u0646\u0679", "\u06a9\u06be\u06cc\u0644\u06d2"], ["\u067e\u0631\u0641\u0627\u0631\u0645", "\u06a9\u06cc\u0633", "2016", "\u06c1\u0648\u0633\u06a9\u062a\u06cc", "\u0627\u062a\u0646\u06cc", "\u06a9\u0631\u0633\u06a9\u062a\u06d2", "\u0646\u0627\u06a9\u0627\u0645\u06cc", "\u0628\u0637\u0648\u0631", "\u0634\u0631\u06cc\u06a9", "\u06a9\u0631\u0627\u0626\u06cc"], ["\u0627\u062f\u0627\u06a9\u0627\u0631\u06c1", "\u0641\u0644\u0645", "\u062e\u0627\u0646", "\u0627\u067e\u0646\u06d2", "\u0628\u06c1\u062a", "\u0627\u067e\u0646\u06cc", "\u06a9\u06cc\u0648\u0646\u06a9\u06c1", "\u0628\u0627\u062a", "\u0646\u06c1\u06cc\u06ba", "\u0628\u0627\u0644\u06cc"], ["\u0633\u06cc\u0631\u06cc\u0632", "\u0679\u06cc\u0645", "\u062f\u0631\u0645\u06cc\u0627\u0646", "\u0645\u06cc\u0686", "\u0631\u0646\u0632", "\u0648\u06a9\u0679", "\u062d\u0627\u0635\u0644", "\u06a9\u06be\u06cc\u0644\u0627", "\u0627\u0646\u06af\u0644\u06cc\u0646\u0688", "\u0644\u0646\u06a9\u0627"], ["\u0627\u067e\u0646\u06d2", "\u0628\u06c1\u062a", "\u0646\u06c1\u06cc\u06ba", "\u0628\u0627\u062a", "\u0632\u06cc\u0627\u062f\u06c1", "\u0627\u06cc\u06a9", "\u0633\u0627\u062a\u06be", "\u0627\u067e\u0646\u06cc", "\u0648\u0627\u0644\u06cc", "\u062a\u06be\u0627"], ["\u0646\u06c1\u06cc\u06ba", "\u06a9\u0631\u06a9\u0679", "\u06a9\u06c1\u0627", "\u0633\u0627\u0628\u0642", "\u0679\u06cc\u0645", "\u062a\u06be\u0627", "\u06a9\u067e\u062a\u0627\u0646", "\u06a9\u0648\u0686", "\u06a9\u06be\u0644\u0627\u0691\u06cc\u0648\u06ba", "\u0628\u0648\u0631\u0688"], ["\u0646\u06c1\u06cc\u06ba", "\u0627\u06cc\u06a9", "\u0627\u067e\u0646\u06d2", "\u0628\u0627\u062a", "\u062a\u06be\u0627", "\u06a9\u0631\u0646\u06d2", "\u06a9\u06c1\u0627", "\u0628\u06c1\u062a", "\u06a9\u0648\u0626\u06cc", "\u0632\u06cc\u0627\u062f\u06c1"], ["\u062d\u06a9\u0648\u0645\u062a", "\u067e\u0627\u06a9\u0633\u062a\u0627\u0646", "\u06a9\u06c1\u0627", "\u0635\u062f\u0631", "\u0644\u06cc\u06d2", "\u06a9\u0631\u06a9\u0679", "\u06a9\u0631\u0646\u06d2", "\u0645\u0644\u06a9", "\u0627\u0646\u06c1\u0648\u06ba", "\u06a9\u0631\u0627\u0686\u06cc"], ["\u062d\u06a9\u0648\u0645\u062a", "\u0648\u0632\u06cc\u0631", "\u0645\u0644\u06a9", "\u06a9\u06cc\u0644\u0626\u06d2", "\u067e\u0646\u062c\u0627\u0628", "\u0627\u06cc\u0646\u0688", "\u0627\u0633\u0644\u0627\u0645", "\u0644\u0627\u06c1\u0648\u0631", "\u0628\u0627\u062f", "\u062c\u0627\u0626\u06d2"], ["\u062d\u06a9\u0648\u0645\u062a", "\u0679\u06cc\u06a9\u0633", "\u06c1\u0632\u0627\u0631", "\u0645\u0644\u06a9", "\u0627\u06cc\u0633", "\u0627\u0631\u0628", "\u0627\u06cc\u0645", "\u06a9\u0645\u06cc", "\u0627\u06cc\u0641", "\u0632\u06cc\u0627\u062f\u06c1"], ["\u0645\u06cc\u0686", "\u0631\u0646\u0632", "\u0633\u06cc\u0631\u06cc\u0632", "\u0627\u0646\u0646\u06af\u0632", "\u06a9\u06be\u06cc\u0644\u06d2", "\u062d\u0627\u0635\u0644", "\u0634\u06a9\u0633\u062a", "\u0648\u06a9\u0679", "\u062f\u0631\u0645\u06cc\u0627\u0646", "\u067e\u06c1\u0644\u06d2"], ["\u0631\u0646\u0632", "\u0645\u06cc\u0686", "\u0634\u06a9\u0633\u062a", "\u062c\u06cc\u062a", "\u062f\u0631\u0645\u06cc\u0627\u0646", "\u062d\u0627\u0635\u0644", "\u0633\u06cc\u0631\u06cc\u0632", "\u0627\u0646\u0646\u06af\u0632", "\u067e\u06c1\u0644\u06d2", "\u0679\u06cc\u0645"], ["\u0635\u0627\u0631\u0641\u06cc\u0646", "\u0627\u06cc\u0633\u06d2", "\u0632\u0646\u062f\u06af\u06cc", "\u0627\u067e\u0646\u06cc", "\u0641\u06cc\u0633", "\u0627\u067e\u0646\u06d2", "\u0627\u0641\u0631\u0627\u062f", "\u06a9\u0686\u06be", "\u062f\u0646\u06cc\u0627", "\u0644\u0648\u06af"], ["\u0688\u0627\u0644\u0631", "\u0641\u06cc\u0635\u062f", "\u0645\u0627\u0631\u06a9\u06cc\u0679", "\u06c1\u0632\u0627\u0631", "\u0645\u0627\u06c1", "\u0644\u0627\u06a9\u06be", "\u0642\u06cc\u0645\u062a", "\u0628\u0691\u06be", "\u06af\u0632\u0634\u062a\u06c1", "\u06a9\u0631\u0648\u0691"], ["\u0631\u0646\u0632", "\u0633\u06cc\u0631\u06cc\u0632", "\u0645\u06cc\u0686", "\u062c\u06cc\u062a", "\u062f\u0631\u0645\u06cc\u0627\u0646", "\u0634\u06a9\u0633\u062a", "\u0627\u0646\u06af\u0644\u06cc\u0646\u0688", "\u062d\u0627\u0635\u0644", "\u0679\u06cc\u0645", "\u0679\u06cc\u0633\u0679"]], "teacher_diversity": 0.545, "dataset": "ted_talks", "embedding_method": "Pre-trained embeddings", "model": "GMM", "topic_method": "tf", "language": "urdu", "dataset_length": 2430, "average_document_length": 76.0, "vocab_size": 1628, "embedding_model": "BERT", "training_time": 20.680366277694702}