{"coherence": -0.04025711522536861, "cv_coherence": 0.6657103486102187, "top_tokens": [["\u044e\u043b\u0430\u0435\u0432", "\u049b\u0438\u043b\u0438\u0448\u0438\u0447\u04d9", "\u044f\u04bb\u0430\u043f", "\u04bb\u0430\u0443\u0430", "\u0448\u04e9\u043a\u04e9\u0440", "\u044b\u0440\u044b\u043c", "\u0431\u0435\u0440\u0438\u0434\u0443", "\u04a1\u0430\u0442\u043d\u0430\u0448\u0442\u044b", "\u0431\u0435\u0499\u0499\u04d9", "\u0438\u04ab\u0442\u04d9\u043b\u0435\u043a\u043b\u0435"], ["\u0445\u0438\u0442\u0430\u0438", "\u0443\u0438", "\u0493\u0443\u0440", "\u0434\u0443", "\u0431\u0438\u043b\u04d9\u043d", "\u0430\u043c\u0435\u0440\u0438\u043a\u0430", "\u0434\u04e9\u043b\u04d9\u0442", "\u0438\u043a\u043a\u0438", "\u043d\u0438\u04a3", "\u0434\u0435\u0433\u04d9\u043d"], ["\u00e6\u043c\u00e6", "\u1d0b\u04bb\u026a", "\u04bb\u04e9\u043a\u04af\u043c\u0438\u0442\u0438", "\u1d04\u04bb\u1d0f", "\u04bb\u04e9\u0440\u043c\u04d9\u0442", "\u043a\u04af\u043d\u0438", "\u0261\u026a\u0251", "\u043f\u0261\u04bb\u1d07", "\u043a\u043e\u0434\u0442\u0430", "\u0434\u00e6\u0440"], ["\u0431\u044b\u043b", "\u0442\u0438\u043a", "\u0431\u0435\u0440", "\u043c\u0435\u043d\u04d9\u043d", "\u0430\u043b\u044b\u043f", "\u0433\u0435\u043d\u04d9", "\u0442\u0438\u043f", "\u043e\u0448\u043e", "\u04d9\u043c\u043c\u04d9", "\u0443\u043d\u044b\u04a3"], ["\u049b\u0438\u043b\u0438\u0448\u0438\u0447\u04d9", "\u044b\u0440\u044b\u043c", "\u0499\u044b\u04a3", "\u0431\u0435\u0440\u0438\u0434\u0443", "\u04bb\u0430\u043b\u0434\u044b", "\u0438\u0448\u0438", "\u043e\u0440\u0442", "\u0441\u04af\u0440\u0434\u0438", "\u0448\u04e9\u043a\u04e9\u0440", "\u0434\u0435\u0441\u04d9"], ["\u0442\u0438\u043a", "\u0448\u0443\u0493\u0430", "\u0431\u0435\u0499", "\u04d9\u043c\u043c\u04d9", "\u0431\u044b\u043b", "\u0441\u044b\u0493\u044b\u043f", "\u0493\u044b\u043d\u0430", "\u0442\u0443\u0440\u0430\u04bb\u044b\u043d\u0434\u0430", "\u0431\u0435\u0440", "\u0445\u0435\u0499\u043c\u04d9\u0442"], ["\u04bb\u04e9\u0440\u043c\u04d9\u0442", "\u0435\u043b\u0438\u043f", "\u0441\u0438\u0437", "\u043c\u0443\u0432\u0430\u043f\u0438\u049b", "\u0435\u043b\u0430\u043d", "\u0442\u04d9\u043a\u0448\u04af\u0440\u0433\u04af\u0447\u0438\u043b\u04d9\u0440", "\u049b\u0430\u043b\u0434\u0443\u0440\u0493\u0430\u043d", "\u0497\u0430\u0432\u0430\u0431\u043a\u0430\u0440", "\u0434\u043b\u044f", "\u043a\u04e9\u0437"], ["\u04bb\u04e9\u0440\u043c\u04d9\u0442", "\u0435\u043b\u0430\u043d", "\u04bb\u04e9\u043a\u04af\u043c\u0438\u0442\u0438", "\u0442\u04d9\u0440\u0438\u043f\u0438\u0434\u0438\u043d", "\u043c\u0443\u0432\u0430\u043f\u0438\u049b", "\u0497\u0430\u0432\u0430\u0431\u043a\u0430\u0440", "\u049b\u0430\u0442\u0430\u0440\u043b\u0438\u049b", "\u0434\u04d9\u0440\u0438\u0497\u0438\u0434\u04d9", "\u0441\u0438\u0437", "\u0442\u043e\u0493\u0440\u0438\u0441\u0438\u0434\u0430"], ["\u0442\u0443\u0440\u0430\u04bb\u044b\u043d\u0434\u0430", "\u044f\u0440\u0499\u0430\u043c", "\u04bb\u04d9\u043c", "\u0431\u044b\u043b", "\u0438\u043a\u0435\u043d\u0441\u0435", "\u044f\u04a3\u044b", "\u043e\u0448\u043e", "\u0438\u0436\u0430\u0434\u044b", "\u0431\u0435\u0440\u0435\u04bb\u0435", "\u0431\u0430\u0440\u043b\u044b\u04a1\u04a1\u0430"], ["\u0493\u0443\u0440", "\u0434\u0443", "\u0443\u0438", "\u0431\u0438\u0432\u0430\u0441\u0438\u0442\u04d9", "\u0434\u0435\u0434\u0438", "\u04bb\u04d9\u0440\u0431\u0438\u0438", "\u0448\u0430\u04a3\u0440\u0438\u043b\u0430", "\u0442\u04d9\u0438", "\u0430\u0438", "\u0445\u0438\u0442\u0430\u0438"], ["\u04bb\u04e9\u043a\u04af\u043c\u0438\u0442\u0438", "\u0434\u043b\u044f", "\u0434\u04d9\u0440\u0438\u0497\u0438\u0434\u04d9", "\u049b\u0430\u043b\u0434\u0443\u0440\u0493\u0430\u043d", "\u043c\u0443\u0432\u0430\u043f\u0438\u049b", "\u043a\u04e9\u0437", "\u0442\u04d9\u043a\u0448\u04af\u0440\u0433\u04af\u0447\u0438\u043b\u04d9\u0440", "\u0442\u04d9\u0440\u0438\u043f\u0438\u0434\u0438\u043d", "\u043d\u0430\u0440\u0430\u0437\u0438\u043b\u0438\u049b", "\u04bb\u04e9\u0440\u043c\u04d9\u0442"], ["\u0431\u0438\u0440", "\u0493\u0443\u0440", "\u0443\u0438", "\u0431\u0438\u043b\u04d9\u043d", "\u0434\u0443", "\u049b\u0438\u043b\u0434\u0438", "\u0443\u043d\u0438\u04a3", "\u0434\u04e9\u043b\u04d9\u0442", "\u0438\u043a\u043a\u0438", "\u0445\u0438\u0442\u0430\u0438"], ["\u0443\u0438", "\u0445\u0438\u0442\u0430\u0438", "\u0493\u0443\u0440", "\u0434\u0443", "\u0431\u0438\u043b\u04d9\u043d", "\u0430\u043c\u0435\u0440\u0438\u043a\u0430", "\u0438\u043a\u043a\u0438", "\u0434\u04e9\u043b\u04d9\u0442", "\u043d\u0438\u04a3", "\u0434\u0435\u0433\u04d9\u043d"], ["\u1d04\u04bb\u1d0f", "\u1d0b\u04bb\u026a", "\u0442\u0433\u1d0f\u043f\u0261", "\u0261\u026a\u0251", "\u0455\u0251\u1d1c", "\u1d04\u1d0f\u043f", "\u0566\u1d1c\u0251\u043f", "\u0442\u04bb\u1d07\u1d0f", "\u043c\u0443\u0432\u0430\u043f\u0438\u049b", "\u0497\u0430\u0432\u0430\u0431\u043a\u0430\u0440"], ["\u0431\u044b\u043b", "\u0433\u0435\u043d\u04d9", "\u0438\u043a\u0435", "\u0431\u0435\u0440", "\u043c\u0435\u043d\u04d9\u043d", "\u0442\u0438\u043a", "\u0493\u044b\u043d\u0430", "\u0438\u0442\u0435\u043f", "\u0430\u043b\u044b\u043f", "\u0448\u0443\u043b"], ["\u0430\u043b\u044b\u043f", "\u0433\u0435\u043d\u04d9", "\u043a\u0435\u0448\u0435", "\u0442\u0438\u043a", "\u044f\u0440\u0499\u0430\u043c", "\u0438\u043a\u0435\u043d\u0441\u0435", "\u0438\u043d\u0434\u0435", "\u04d9\u043b\u0435", "\u0438\u0442\u0435\u043f", "\u043a\u04af\u043f"], ["\u0431\u044b\u043b", "\u044b\u0441\u044b\u043d\u043b\u0430\u043f", "\u0442\u0438\u043a", "\u044f\u0440\u0499\u0430\u043c", "\u0433\u0435\u043d\u04d9", "\u04d9\u043c\u043c\u04d9", "\u043a\u0435\u0448\u0435", "\u0443\u043d\u044b\u04a3", "\u0431\u04e9\u0442\u04d9", "\u0438\u043a\u04d9\u043d"], ["\u0443\u0438", "\u0445\u0438\u0442\u0430\u0438", "\u0493\u0443\u0440", "\u0434\u0443", "\u0430\u043c\u0435\u0440\u0438\u043a\u0430", "\u0431\u0438\u043b\u04d9\u043d", "\u0438\u043a\u043a\u0438", "\u0434\u04e9\u043b\u04d9\u0442", "\u043d\u0438\u04a3", "\u0434\u0435\u0433\u04d9\u043d"], ["\u04bb\u04e9\u0440\u043c\u04d9\u0442", "\u0497\u0430\u0432\u0430\u0431\u043a\u0430\u0440", "\u049b\u0430\u043b\u0434\u0443\u0440\u0493\u0430\u043d", "\u0442\u04d9\u043a\u0448\u04af\u0440\u0433\u04af\u0447\u0438\u043b\u04d9\u0440", "\u043c\u0443\u0432\u0430\u043f\u0438\u049b", "\u0441\u0438\u0437", "\u0448\u04d9\u0440\u0442\u043b\u0438\u0440\u0438\u0433\u04d9", "\u0438\u043a\u04d9\u043d\u043b\u0438\u043a\u0438\u043d\u0438", "\u0442\u04d9\u0441\u0442\u0438\u049b\u043b\u0438\u043d\u0438\u0448\u0438", "\u049b\u0438\u043b\u0438\u0448\u0438\u04a3\u0438\u0437\u043d\u0438"], ["\u049b\u0438\u043b\u0438\u0448\u0438\u0447\u04d9", "\u044b\u0440\u044b\u043c", "\u04a1\u0430\u0442\u043d\u0430\u0448\u0442\u044b", "\u0499\u044b\u04a3", "\u0431\u0435\u0440\u0438\u0434\u0443", "\u0448\u04e9\u043a\u04e9\u0440", "\u0438\u0448\u0438", "\u04bb\u0430\u043b\u0434\u044b", "\u0434\u0435\u0441\u04d9", "\u043e\u0440\u0442"]], "diversity": 0.505, "dataset": "news", "embedding_method": "CTM", "model": "CTM", "topic_method": "CTM", "language": "indonesian", "dataset_length": 3287, "average_document_length": 38.0, "vocab_size": 2599, "training_time": 79.13781571388245}