{"teacher_coherence": 0.006991852779524079, "cv_coherence": 0.6680960222926957, "teacher_top_tokens": [["\u0441\u0438\u043a\u0442\u04d9\u0440\u0435\u043d\u0434\u04d9", "\u0438\u0436\u0430\u0434\u044b", "\u0443\u04a1\u044b\u0443\u0441\u044b\u043b\u0430\u0440\u044b", "\u043f\u0440\u043e\u0435\u043a\u0442\u044b", "\u04af\u04ab\u0442\u0435\u0440\u0435\u04af", "\u043a\u043e\u043c\u0430\u043d\u0434\u0430", "\u04bb\u0443\u043c", "\u043c\u0443\u043d\u0438\u0446\u0438\u043f\u0430\u043b\u044c", "\u044f\u0499\u044b\u0443\u0441\u044b", "\u044f\u0499\u044b\u0443\u0441\u044b\u043b\u0430\u0440"], ["\u0442\u04d9\u0440\u0438\u043f\u0438\u0434\u0438\u043d", "\u04d9\u0440\u043a\u0438\u043d", "\u0442\u043e\u0440", "\u0442\u043e\u0493\u0440\u0438\u0441\u0438\u0434\u0430", "\u04bb\u04e9\u043a\u04af\u043c\u0438\u0442\u0438", "\u043a\u04af\u043d\u0438", "\u0435\u043b\u0430\u043d", "\u049b\u0430\u0442\u0430\u0440\u043b\u0438\u049b", "\u0445\u0430\u043d\u0438\u043c", "\u0442\u04d9\u043a\u0448\u04af\u0440\u0433\u04af\u0447\u0438\u043b\u04d9\u0440"], ["\u043c\u0438\u043d", "\u043a\u0435\u0448\u0435", "\u0448\u0443\u0493\u0430", "\u0442\u0443\u0440\u0430\u04bb\u044b\u043d\u0434\u0430", "\u0430\u043b\u044b\u0440\u0493\u0430", "\u043d\u0438\u0441\u0435\u043a", "\u043c\u0438\u043d\u0435\u04a3", "\u0448\u0443\u043b", "\u0443\u043d\u044b\u04a3", "\u0431\u0435\u0499"], ["\u0445\u0438\u0442\u0430\u0438", "\u0443\u0438", "\u0430\u043c\u0435\u0440\u0438\u043a\u0430", "\u0438\u043a\u043a\u0438", "\u043d\u0438\u04a3", "\u0431\u0438\u043b\u04d9\u043d", "\u0434\u0443", "\u0493\u0443\u0440", "\u0434\u0435\u0433\u04d9\u043d", "\u0434\u04e9\u043b\u04d9\u0442"], ["\u0445\u0438\u0442\u0430\u0438", "\u0443\u0438", "\u0438\u043a\u043a\u0438", "\u043d\u0438\u04a3", "\u0434\u0443", "\u0493\u0443\u0440", "\u0434\u0435\u0433\u04d9\u043d", "\u0448\u0430\u04a3\u0440\u0438\u043b\u0430", "\u0430\u043c\u0435\u0440\u0438\u043a\u0430", "\u049b\u0438\u044f\u043f\u0438\u0442\u0438\u0433\u04d9"], ["\u0445\u0438\u0442\u0430\u0438", "\u043d\u0438\u04a3", "\u0443\u0438", "\u0431\u0438\u043b\u04d9\u043d", "\u0430\u043c\u0435\u0440\u0438\u043a\u0430", "\u0431\u043e\u043b\u0493\u0430\u043d", "\u043e\u0442\u0442\u0443\u0440\u0438\u0493\u0430", "\u0438\u043a\u043a\u0438", "\u0434\u0435\u0433\u04d9\u043d", "\u0434\u0443"], ["\u0442\u0438\u0433\u04d9\u043d", "\u0442\u0443\u0440\u0430", "\u043a\u0435\u04af\u0435\u043a", "\u0448\u0443\u0493\u0430", "\u043a\u0438\u043b\u0435\u043f", "\u0431\u0443\u043b\u04bb\u0430", "\u0442\u0430\u043f\u04a1\u044b\u0440", "\u0438\u043d\u0434\u0435", "\u043a\u04e9\u043d", "\u043d\u044b\u04a1"], ["\u0434\u00e6\u0440", "\u00e6\u043c\u00e6", "\u0444\u00e6\u043b\u00e6", "\u0431\u0438\u0440\u00e6", "\u0445\u044a\u0443\u0430\u043c\u00e6", "\u0430\u0437\u044b", "\u1d04\u04bb\u1d0f", "\u043a\u043e\u0434\u0442\u0430", "\u0443\u00e6\u0434", "\u0443\u044b\u0434\u043e\u043d"], ["\u0431\u0438\u043b\u04d9\u043d", "\u0435\u043b\u0438\u043f", "\u0431\u0438\u0440", "\u043d\u0438\u04a3", "\u0430\u043c\u0435\u0440\u0438\u043a\u0430", "\u0434\u04e9\u043b\u04d9\u0442", "\u04af\u0447\u04af\u043d", "\u0431\u043e\u043b\u0493\u0430\u043d", "\u043a\u0438\u0448\u0438\u043b\u0438\u043a", "\u049b\u0430\u0440\u0448\u0438"], ["\u0431\u0430\u0448", "\u0435\u043b\u0430\u043d", "\u0443\u043b\u0430\u0440", "\u0442\u04d9\u0440\u0438\u043f\u0438\u0434\u0438\u043d", "\u04d9\u0440\u043a\u0438\u043d", "\u0435\u043b\u0438\u043f", "\u0442\u043e\u0493\u0440\u0438\u0441\u0438\u0434\u0430", "\u0434\u04d9\u0440\u04bb\u0430\u043b", "\u04bb\u04e9\u043a\u04af\u043c\u0438\u0442\u0438\u043d\u0438\u04a3", "\u049b\u0438\u043b\u0493\u0430\u043d"], ["\u043a\u0435\u0448\u0435", "\u043c\u0435\u043d\u04d9\u043d", "\u043a\u0438\u043b\u0435\u043f", "\u0438\u043a\u0435", "\u0431\u0438\u043a", "\u04af\u0499\u0435", "\u0433\u0435\u043d\u04d9", "\u043a\u0435\u04af\u0435\u043a", "\u0431\u0438\u0442", "\u0430\u043b\u044b\u043f"], ["\u0443\u0438", "\u0445\u0438\u0442\u0430\u0438", "\u049b\u0438\u044f\u043f\u0438\u0442\u0438\u0433\u04d9", "\u043c\u0443\u043d\u0431\u0438\u0440\u0438\u0434\u0438\u043a\u0438", "\u0448\u0430\u04a3\u0440\u0438\u043b\u0430", "\u0431\u0435\u043b\u0438\u049b", "\u0434\u0443", "\u0493\u0443\u0440", "\u0433\u04d9\u0432\u0434\u04d9", "\u0438\u043a\u043a\u0438"], ["\u0431\u0438\u0440", "\u049b\u0438\u043b\u0493\u0430\u043d", "\u0435\u043b\u0438\u043f", "\u04af\u0447\u04af\u043d", "\u0431\u0438\u043b\u04d9\u043d", "\u0434\u04d9\u043f", "\u049b\u0430\u0440\u0448\u0438", "\u0431\u043e\u043b\u0493\u0430\u043d", "\u043a\u0438\u0448\u0438\u043b\u0438\u043a", "\u0442\u043e\u0440"], ["\u0434\u043b\u044f", "\u043f\u0261\u0251\u028f", "email", "\u043c\u0443\u043d\u0431\u0438\u0440\u0438\u0434\u0438\u043a\u0438", "\u049b\u0438\u044f\u043f\u0438\u0442\u0438\u0433\u04d9", "\u049b\u0438\u043b\u0438\u043d\u0438\u043f", "\u0443\u043a\u0440\u0430\u0438\u043d\u0430", "\u0431\u0435\u043b\u0438\u049b", "\u0442\u044b\u043f", "\u0433\u04d9\u0432\u0434\u04d9"], ["\u043d\u043e\u0442\u044b", "\u0440\u0430\u0437\u043c\u0435\u0441\u0442\u0438\u0442\u044c", "\u0432\u0430\u0448\u0443", "\u0431\u0443\u0434\u0435\u043c", "\u043a\u043d\u043e\u043f\u043a\u0443", "\u0434\u043b\u044f", "\u0442\u044b\u043f", "\u0438\u043d\u0438", "\u0446\u0435\u0440\u0435\u043c\u043e\u043d\u0438\u0438", "\u049b\u0438\u043b\u0438\u043d\u0438\u043f"], ["\u0431\u0430\u0448\u04a1\u043e\u0440\u0442\u043e\u0441\u0442\u0430\u043d", "\u04bb\u0443\u043c", "\u0440\u0435\u0441\u043f\u0443\u0431\u043b\u0438\u043a\u0430\u043d\u044b\u04a3", "\u0434\u04d9\u04af\u043b\u04d9\u0442", "\u043f\u0440\u043e\u0435\u043a\u0442\u044b", "\u043c\u0438\u043b\u043b\u0438", "\u0444\u0435\u0434\u0435\u0440\u0430\u043b\u044c", "\u0443\u04a1\u044b\u0443\u0441\u044b\u043b\u0430\u0440\u044b", "\u0442\u04e9\u0431\u04d9\u043a", "\u0430\u0448\u044b\u0443"], ["\u0431\u0438\u043a", "\u0442\u0438\u043f", "\u043c\u0435\u043d\u04d9\u043d", "\u0431\u0435\u0440", "\u043a\u04af\u043f", "\u0433\u0435\u043d\u04d9", "\u0430\u043b\u044b\u043f", "\u0431\u0443\u043b\u044b\u043f", "\u0448\u0443\u043b", "\u0431\u044b\u043b"], ["\u0442\u04d9\u0440\u0438\u043f\u0438\u0434\u0438\u043d", "\u04d9\u0440\u043a\u0438\u043d", "\u0435\u043b\u0430\u043d", "\u04bb\u04e9\u043a\u04af\u043c\u0438\u0442\u0438", "\u0442\u043e\u0493\u0440\u0438\u0441\u0438\u0434\u0430", "\u0434\u04d9\u0440\u04bb\u0430\u043b", "\u0442\u04d9\u043a\u0448\u04af\u0440\u0433\u04af\u0447\u0438\u043b\u04d9\u0440", "\u049b\u0430\u043b\u0434\u0443\u0440\u0493\u0430\u043d", "\u043c\u04d9\u0437\u043a\u0443\u0440", "\u049b\u0430\u0442\u0430\u0440\u043b\u0438\u049b"], ["\u0431\u0435\u0440", "\u0438\u043a\u0435", "\u043c\u0435\u043d\u04d9\u043d", "\u0442\u0438\u0433\u04d9\u043d", "\u043a\u0435\u04af\u0435\u043a", "\u0442\u0438\u043f", "\u043a\u0435\u0448\u0435", "\u043a\u0438\u043b\u0435\u043f", "\u0438\u0442\u0435\u043f", "\u0443\u043d\u044b\u04a3"], ["\u0442\u0433\u1d0f\u043f\u0261", "\u0442\u04bb\u1d07\u1d0f", "\u0442\u043e\u0493\u0440\u0438\u0441\u0438\u0434\u0430", "\u0261\u026a\u0251", "\u0442\u04d9\u043a\u0448\u04af\u0440\u0433\u04af\u0447\u0438\u043b\u04d9\u0440", "\u1d04\u1d0f\u043f", "\u0434\u04d9\u0440\u04bb\u0430\u043b", "\u049b\u0430\u043b\u0434\u0443\u0440\u0493\u0430\u043d", "\u1d0b\u04bb\u026a", "\u0434\u0438\u044f\u0440\u0438\u0434\u0438\u043a\u0438"]], "teacher_diversity": 0.59, "dataset": "ted_talks", "embedding_method": "Pre-trained embeddings", "model": "GMM", "topic_method": "tf", "language": "urdu", "dataset_length": 2662, "average_document_length": 38.0, "vocab_size": 2599, "embedding_model": "BERT", "training_time": 49.91900277137756}