{"coherence": -0.012988982234815327, "cv_coherence": 0.6686166975175167, "top_tokens": [["\u04a1\u0430\u0440\u0430\u0442\u0430", "\u0430\u0443\u044b\u043b\u044b", "\u0430\u0440\u0442\u0430\u0431\u0430\u043d", "\u0431\u0430\u0448\u04a1\u043e\u0440\u0442\u043e\u0441\u0442\u0430\u043d\u0434\u044b\u04a3", "\u043a\u0438\u043b\u0433\u04d9\u043d", "\u043d\u0438\u0441\u04d9", "\u0440\u04d9\u0445\u043c\u04d9\u0442", "\u04a1\u0443\u043b\u044b\u043d\u0430", "\u043a\u04e9\u0441", "\u044d\u0448\u043a\u04d9"], ["\u0431\u0435\u0440", "\u043c\u0435\u043d\u04d9\u043d", "\u0493\u044b\u043d\u0430", "\u0442\u0438\u0433\u04d9\u043d", "\u043a\u0438\u043b\u0435\u043f", "\u0431\u0438\u043a", "\u0431\u0443\u043b\u044b\u043f", "\u043a\u04e9\u043d", "\u0442\u0438\u043f", "\u0433\u0435\u043d\u04d9"], ["\u044f\u04a3\u044b", "\u04bb\u04d9\u043c", "\u0431\u0435\u0440\u0435\u04bb\u0435", "\u04e9\u0441\u04e9\u043d", "\u0431\u0430\u0440\u044b\u04bb\u044b", "\u0431\u0430\u0448\u04a1\u0430", "\u044e\u04a1\u04a1\u0430", "\u0431\u044b\u043b", "\u044d\u0448\u043b\u04d9\u0440\u0433\u04d9", "\u04bb\u0438\u043d"], ["\u0435\u043b\u0430\u043d", "\u0435\u043b\u0438\u043f", "\u0442\u04d9\u0440\u0438\u043f\u0438\u0434\u0438\u043d", "\u043a\u04e9\u0437", "\u0431\u0438\u0440", "\u049b\u0438\u043b\u0493\u0430\u043d", "\u0434\u04d9\u0440\u0438\u0497\u0438\u0434\u04d9", "\u043c\u04d9\u0437\u043c\u0443\u043d\u0493\u0430", "\u0497\u0430\u0432\u0430\u0431\u043a\u0430\u0440", "\u0442\u04d9\u0441\u0442\u0438\u049b\u043b\u0438\u043d\u0438\u0448\u0438"], ["2018", "2019", "\u0438\u043a\u043c\u04d9\u043a", "\u043f\u0440\u0435\u043c\u0438\u0438", "\u0443\u0499\u0499\u044b", "\u043a\u043e\u043d\u043a\u0443\u0440\u0441\u0442\u0430", "thi", "\u0434\u0438\u04a3\u0433\u0435\u0499", "\u0448\u04e9\u043a\u04e9\u0440", "\u043a\u043e\u043d\u043a\u0443\u0440\u0441\u044b"], ["\u0434\u04d9\u0440\u04bb\u0430\u043b", "\u0434\u04d9\u0440\u0438\u0497\u0438\u0434\u04d9", "\u04bb\u04e9\u043a\u04af\u043c\u0438\u0442\u0438", "\u04d9\u0440\u043a\u0438\u043d", "\u043c\u0443\u0432\u0430\u043f\u0438\u049b", "\u04bb\u04d9\u049b\u0438\u049b\u04d9\u0442\u043a\u04d9", "\u0442\u04d9\u04bb\u0440\u0438\u0440\u043b\u0438\u043d\u0438\u0448\u0438", "\u0442\u04d9\u043a\u0448\u04af\u0440\u0433\u04af\u0447\u0438\u043b\u04d9\u0440", "\u043f\u0438\u043a\u0438\u0440\u043b\u0438\u0440\u0438\u04a3\u0438\u0437", "\u0497\u0430\u0432\u0430\u0431\u043a\u0430\u0440"], ["\u0432\u04d9\u0438", "\u0440\u04d9\u0438\u0441", "\u043e\u049b", "\u04d9\u0442", "\u04d9\u0438", "\u0438\u043b\u049b\u0438", "\u04d9\u0442\u0442\u04d9", "\u0442\u0438\u043d\u0447\u043b\u0438\u049b", "\u043a\u04e9\u0440\u04d9", "\u0432\u0430\u0441\u0438\u0442\u0438\u043b\u0438\u043a"], ["\u0441\u0430\u0440\u0430", "\u0443\u0440\u044b\u043d\u0493\u0430", "\u0438\u0436\u0430\u0434\u044b", "\u0430\u0493\u0437\u0430\u043b\u0430\u0440\u044b", "\u04af\u0442\u0435\u043f", "\u0431\u0438\u043b\u0434\u04d9\u043b\u0435", "\u0430\u0440\u0430\u04bb\u044b\u043d\u0434\u0430", "\u0445\u0430\u04a1\u0442\u0430", "\u0444\u0435\u0441\u0442\u0438\u0432\u0430\u043b\u0435", "\u044d\u0448\u0442\u04d9\u0440"], ["\u043c\u0435\u043d\u04d9\u043d", "\u0431\u0435\u0440", "\u0433\u0435\u043d\u04d9", "\u0442\u0438\u043f", "\u0431\u044b\u043b", "\u0431\u0438\u043a", "\u0448\u0443\u043b", "\u043a\u0435\u0448\u0435", "\u043a\u04e9\u043d", "\u0493\u044b\u043d\u0430"], ["\u00e6\u043c\u00e6", "\u043a\u043e\u0434\u0442\u0430", "\u0443\u044b\u0446\u044b", "\u043a\u00e6\u043d\u044b\u043d\u044b", "\u0430\u0437\u044b", "\u0444\u00e6\u043b\u00e6", "\u0434\u00e6\u0440", "\u043f\u0430\u0434\u0434\u0437\u0430\u0445\u0430\u0434\u043e\u043d", "\u0443\u044b\u0434\u043e\u043d", "\u0431\u0438\u0440\u00e6"], ["\u00e6\u043c\u00e6", "\u043a\u043e\u0434\u0442\u0430", "\u0443\u044b\u0434\u043e\u043d", "\u043f\u0430\u0434\u0434\u0437\u0430\u0445\u0430\u0434\u043e\u043d", "\u043a\u00e6\u043d\u044b\u043d", "\u043a\u00e6\u043d\u044b\u043d\u044b", "\u00e6\u0432\u0437\u0430\u0440\u00e6\u043d", "\u043a\u0443\u044b\u0434", "\u0434\u00e6\u0440", "\u0430\u0437\u044b"], ["\u0493\u044b\u043d\u0430", "\u043c\u0435\u043d\u04d9\u043d", "\u0431\u0435\u0440", "\u0431\u0435\u0499\u0499\u0435\u04a3", "\u0442\u0438\u043f", "\u043a\u04af\u043f", "\u0430\u043b\u044b\u043f", "\u043a\u0435\u0448\u0435", "\u0431\u0443\u043b\u044b\u043f", "\u0438\u043a\u0435"], ["\u0434\u04d9\u0440\u0438\u0497\u0438\u0434\u04d9", "\u04d9\u0440\u043a\u0438\u043d", "\u0434\u04d9\u0440\u04bb\u0430\u043b", "\u04bb\u04d9\u049b\u0438\u049b\u04d9\u0442\u043a\u04d9", "\u0442\u04d9\u043a\u0448\u04af\u0440\u0433\u04af\u0447\u0438\u043b\u04d9\u0440", "\u0442\u04d9\u04bb\u0440\u0438\u0440\u043b\u0438\u043d\u0438\u0448\u0438", "\u043c\u04d9\u0437\u043c\u0443\u043d\u0493\u0430", "\u0440\u0430\u0434\u0438\u043e\u0441\u0438", "\u0435\u043b\u0430\u043d", "\u04bb\u04e9\u0440\u043c\u04d9\u0442"], ["\u0431\u04d9\u0442", "\u0448\u04e9\u043a\u04e9\u0440", "\u0431\u0438\u043b\u0434\u04af\u0440\u0434\u0438", "\u04d9\u043b\u0431\u0438\u0442\u0442\u04d9", "\u049b\u0430\u0440\u0438\u0493\u0430\u043d\u0434\u0430", "\u04bb\u0430\u043b", "\u0431\u043e\u043b\u0443\u0448\u0438\u0447\u04d9", "\u04bb\u0430\u043b\u0434\u044b", "\u0430\u0448\u043a\u0430\u0440\u0430", "\u043a\u04d9\u0442\u043a\u04d9\u043d"], ["\u0434\u043b\u044f", "\u0438\u043b\u0438", "2019", "\u043b\u044e\u0434\u0438", "\u0434\u0435\u043d\u044c", "\u043d\u0430\u0440\u043e\u0434\u043d\u043e\u0433\u043e", "\u043d\u043e\u0442\u044b", "\u0432\u0430\u0448\u0443", "\u0440\u0430\u0434\u044b", "2018"], ["\u0442\u0438\u0433\u04d9\u043d", "\u0493\u044b\u043d\u0430", "\u0442\u0430\u0493\u044b", "\u0431\u0435\u0440", "\u043c\u0435\u043d\u04d9\u043d", "\u0433\u0435\u043d\u04d9", "\u04a1\u0430\u0440\u0430\u043f", "\u0431\u044b\u043d\u0430", "\u0438\u043d\u0434\u0435", "\u043a\u0435\u0448\u0435"], ["\u0445\u0438\u0442\u0430\u0438", "\u0430\u043c\u0435\u0440\u0438\u043a\u0430", "\u0493\u0443\u0440", "\u0443\u0438", "\u0434\u0443", "\u0438\u043a\u043a\u0438", "\u0431\u0438\u043b\u04d9\u043d", "\u0434\u0435\u0433\u04d9\u043d", "\u043d\u0438\u04a3", "\u0434\u04e9\u043b\u04d9\u0442"], ["\u0445\u0438\u0442\u0430\u0438", "\u0430\u043c\u0435\u0440\u0438\u043a\u0430", "\u0443\u0438", "\u0431\u0438\u043b\u04d9\u043d", "\u0493\u0443\u0440", "\u0438\u043a\u043a\u0438", "\u0434\u0443", "\u043d\u0438\u04a3", "\u0434\u04e9\u043b\u04d9\u0442", "\u0434\u0435\u0433\u04d9\u043d"], ["\u0445\u0438\u0442\u0430\u0438", "\u0430\u043c\u0435\u0440\u0438\u043a\u0430", "\u0431\u0438\u043b\u04d9\u043d", "\u0443\u0438", "\u0493\u0443\u0440", "\u0438\u043a\u043a\u0438", "\u0434\u0443", "\u0434\u04e9\u043b\u04d9\u0442", "\u043d\u0438\u04a3", "\u04af\u0447\u04af\u043d"], ["\u0431\u0438\u043a", "\u043c\u04d9\u043a\u0442\u04d9\u043f", "\u0445\u0430\u043b\u044b\u04a1", "\u043c\u0443\u0432\u0430\u043f\u0438\u049b", "\u043f\u0438\u043a\u0438\u0440\u043b\u0438\u0440\u0438\u04a3\u0438\u0437", "\u04bb\u04d9\u049b\u0438\u049b\u04d9\u0442\u043a\u04d9", "\u0497\u0430\u0432\u0430\u0431\u043a\u0430\u0440", "\u0442\u04d9\u04bb\u0440\u0438\u0440\u043b\u0438\u043d\u0438\u0448\u0438", "\u0442\u04d9\u0440\u0438\u043f\u0438\u0434\u0438\u043d", "\u049b\u0438\u043b\u0438\u0448\u0438\u04a3\u0438\u0437\u043d\u0438"], ["\u0434\u04d9\u0440\u04bb\u0430\u043b", "\u0442\u04d9\u043a\u0448\u04af\u0440\u0433\u04af\u0447\u0438\u043b\u04d9\u0440", "\u043a\u04e9\u0437", "\u043f\u0438\u043a\u0438\u0440\u043b\u0438\u0440\u0438\u04a3\u0438\u0437", "\u04bb\u04d9\u049b\u0438\u049b\u04d9\u0442\u043a\u04d9", "\u0442\u04d9\u04bb\u0440\u0438\u0440\u043b\u0438\u043d\u0438\u0448\u0438", "\u0440\u0430\u0434\u0438\u043e\u0441\u0438", "\u043c\u04d9\u0437\u043c\u0443\u043d\u0493\u0430", "\u0497\u0430\u0432\u0430\u0431\u043a\u0430\u0440", "\u04bb\u04e9\u0440\u043c\u04d9\u0442"], ["\u043a\u0443\u044b\u0441\u0442\u044b", "\u0430\u0445\u0443\u044b\u0440\u0433\u00e6\u043d\u0438\u043d\u00e6\u0433\u0442\u00e6", "\u0442\u044b\u043d\u0433", "\u043a\u0430\u0440\u0442\u0430", "\u0431\u043e\u043b\u0443\u0448\u0438\u0447\u04d9", "\u0448\u04e9\u043a\u04e9\u0440", 