{"coherence": 0.0691000050251354, "cv_coherence": 0.6135753428371341, "top_tokens": [["\u067e\u0627\u06a9\u0633\u062a\u0627\u0646", "\u06a9\u0631\u06a9\u0679", "\u0645\u062d\u0645\u062f", "\u0628\u0648\u0631\u0688", "\u06a9\u06be\u0644\u0627\u0691\u06cc\u0648\u06ba", "\u0644\u06cc\u06af", "\u0642\u0648\u0645\u06cc", "\u0648\u0631\u0644\u0688", "\u06a9\u0648\u0686", "\u0644\u0627\u06c1\u0648\u0631"], ["\u0679\u06cc\u0646\u0633", "\u0633\u067e\u0648\u0631\u0679\u0633", "\u0646\u0645\u0627\u0626\u0646\u062f\u06c1", "\u0645\u06c1\u0645\u0627\u0646", "\u0627\u06cc\u0648\u0646\u0679", "\u06a9\u06be\u06cc\u0644\u0627", "\u0641\u0627\u0626\u0646\u0644", "\u0679\u06cc\u0645\u06cc\u06ba", "\u0679\u0648\u0631\u0646\u0627\u0645\u0646\u0679", "\u06a9\u0644\u0628"], ["\u0645\u06cc\u0686", "\u0631\u0646\u0632", "\u0634\u06a9\u0633\u062a", "\u062d\u0627\u0635\u0644", "\u0627\u0646\u0646\u06af\u0632", "\u0633\u06cc\u0631\u06cc\u0632", "\u0648\u06a9\u0679\u0648\u06ba", "\u067e\u06c1\u0644\u06d2", "\u06a9\u06be\u06cc\u0644\u06d2", "\u0648\u06a9\u0679\u06cc\u06ba"], ["\u06c1\u0648\u0633\u06a9\u062a\u0627", "\u0627\u0628\u0644\u0627\u063a", "\u062f\u0627\u0631\u06cc\u0627\u06ba", "\u062c\u0627\u0646\u062a\u06d2", "\u0645\u0645\u06a9\u0646\u06c1", "\u0631\u0627\u0646\u0688\u0631", "\u0645\u0646\u0627\u0633\u0628", "\u0631\u06cc\u0679\u0627\u0626\u0631\u0645\u0646\u0679", "\u067e\u06cc\u0627\u0631", "\u06a9\u0631\u0648\u0627\u0626\u06cc"], ["\u0631\u0648\u067e\u06d2", "\u06a9\u0645\u06cc", "\u0644\u0627\u06a9\u06be", "\u0688\u0627\u0644\u0631", "\u0627\u0631\u0628", "\u0627\u0636\u0627\u0641\u06c1", "\u0645\u0627\u0644\u06cc", "\u062c\u0628\u06a9\u06c1", "\u06af\u0626\u06cc", "\u062f\u0648\u0631\u0627\u0646"], ["\u0646\u06c1\u06cc\u06ba", "\u0627\u067e\u0646\u06d2", "\u0627\u06cc\u06a9", "\u0641\u0644\u0645", "\u0627\u067e\u0646\u06cc", "\u0628\u06c1\u062a", "\u06a9\u0633\u06cc", "\u0633\u0627\u062a\u06be", "\u06a9\u0631\u0646\u06d2", "\u0632\u06cc\u0627\u062f\u06c1"], ["\u0679\u06cc\u0645", "\u0679\u06cc\u0633\u0679", "\u0631\u0646\u0632", "\u06a9\u0631\u06a9\u0679", "\u0645\u06cc\u0686", "\u0633\u06cc\u0631\u06cc\u0632", "\u0627\u0646\u0646\u06af\u0632", "\u062d\u0627\u0635\u0644", "\u06a9\u067e\u062a\u0627\u0646", "\u0634\u06a9\u0633\u062a"], ["\u0627\u062f\u0627\u06a9\u0627\u0631", "\u0641\u0644\u0645", "\u0628\u0627\u0644\u06cc", "\u0627\u062f\u0627\u06a9\u0627\u0631\u06c1", "\u0648\u0648\u0688", "\u062e\u0627\u0646", "\u06a9\u067e\u0648\u0631", "\u0645\u0645\u0628\u0626\u06cc", "\u0641\u0644\u0645\u0648\u06ba", "\u0645\u06cc\u0688\u06cc\u0627"], ["\u06af\u0626\u06cc", "\u0645\u0627\u0644\u06cc", "\u0627\u0636\u0627\u0641\u06c1", "\u0644\u0627\u06a9\u06be", "\u0642\u06cc\u0645\u062a\u0648\u06ba", "\u0627\u0636\u0627\u0641\u06d2", "\u0633\u0637\u062d", "\u06a9\u0645\u067e\u0646\u06cc\u0648\u06ba", "\u0631\u067e\u0648\u0631\u0679", "\u0688\u0627\u0644\u0631"], ["\u0633\u0627\u0628\u0642", "\u06a9\u0631\u06a9\u0679\u0631", "\u0648\u0633\u06cc\u0645", "\u0645\u06cc\u0688\u06cc\u0627", "\u06a9\u067e\u062a\u0627\u0646", "\u0639\u0627\u0645\u0631", "\u062e\u0627\u0646", "\u062a\u06be\u06d2", "\u0634\u0627\u06c1\u062f", "\u06a9\u0631\u06a9\u0679"], ["\u06a9\u0631\u06a9\u0679", "\u0646\u06c1\u06cc\u06ba", "\u0679\u06cc\u0645", "\u06a9\u06c1\u0627", "\u067e\u0627\u06a9\u0633\u062a\u0627\u0646", "\u06a9\u067e\u062a\u0627\u0646", "\u06a9\u06be\u0644\u0627\u0691\u06cc\u0648\u06ba", "\u0642\u0648\u0645\u06cc", "\u062a\u06be\u0627", "\u0679\u06cc\u0633\u0679"], ["\u06af\u0626\u06cc", "\u0645\u0627\u0644\u06cc", "\u0627\u0636\u0627\u0641\u06c1", "\u0644\u0627\u06a9\u06be", "\u0631\u0648\u067e\u06d2", "\u0627\u0631\u0628", "\u0641\u06cc\u0635\u062f", "\u062f\u0648\u0631\u0627\u0646", "\u0642\u06cc\u0645\u062a\u0648\u06ba", "\u0633\u0637\u062d"], ["\u0627\u0633\u062a\u0639\u0645\u0627\u0644", "\u0641\u0648\u0646", "\u0635\u0627\u0631\u0641\u06cc\u0646", "\u06a9\u0645\u067e\u0646\u06cc", "\u0648\u0632\u06cc\u0631", "\u06af\u06cc\u0627", "\u062f\u06cc\u06af\u0631", "\u062c\u0627\u0626\u06cc\u06ba", "\u062f\u06cc\u0627", "\u062c\u062f\u06cc\u062f"], ["\u0641\u0644\u0645", "\u0627\u062f\u0627\u06a9\u0627\u0631\u06c1", "\u0628\u0627\u0644\u06cc", "\u0627\u067e\u0646\u06d2", "\u0627\u062f\u0627\u06a9\u0627\u0631", "\u0648\u0648\u0688", "\u062e\u0627\u0646", "\u0633\u0627\u062a\u06be", "\u0627\u067e\u0646\u06cc", "\u0628\u06c1\u062a"], ["\u062d\u06a9\u0648\u0645\u062a", "\u06a9\u0631\u0646\u06d2", "\u06a9\u06c1\u0627", "\u062c\u0627\u0626\u06d2", "\u0648\u0632\u06cc\u0631", "\u0627\u0646\u06c1\u0648\u06ba", "\u0644\u06cc\u06d2", "\u06a9\u0645\u067e\u0646\u06cc", "\u0645\u0644\u06a9", "\u0627\u06cc\u0645"], ["\u067e\u0627\u06a9\u0633\u062a\u0627\u0646", "\u06a9\u06c1\u0627", "\u06a9\u0631\u0646\u06d2", "\u062d\u06a9\u0648\u0645\u062a", "\u0627\u0646\u06c1\u0648\u06ba", "\u0645\u0644\u06a9", "\u062c\u0627\u0626\u06d2", "\u0679\u06cc\u06a9\u0633", "\u0627\u06cc\u0641", "\u06a9\u06cc\u0644\u0626\u06d2"], ["\u0645\u06cc\u0686", "\u0679\u06cc\u0645", "\u06a9\u06be\u06cc\u0644\u0627", "\u0642\u0648\u0645\u06cc", "\u0645\u062d\u0645\u062f", "\u0633\u06cc\u0631\u06cc\u0632", "\u0627\u06cc\u0648\u0646\u0679", "\u062e\u0644\u0627\u0641", "\u0679\u0648\u0631\u0646\u0627\u0645\u0646\u0679", "\u06a9\u06be\u06cc\u0644\u06d2"], ["\u0641\u0644\u0645", "\u062e\u0627\u0646", "\u0646\u06c1\u06cc\u06ba", "\u0627\u062f\u0627\u06a9\u0627\u0631\u06c1", "\u0628\u06c1\u062a", "\u0627\u067e\u0646\u06d2", "\u0628\u0627\u062a", "\u0627\u062f\u0627\u06a9\u0627\u0631", "\u0633\u0627\u062a\u06be", "\u0628\u0627\u0644\u06cc"], ["\u062d\u06a9\u0648\u0645\u062a", "\u067e\u0627\u06a9\u0633\u062a\u0627\u0646", "\u0627\u06cc\u0641", "\u0645\u0644\u06a9", "\u0648\u0632\u06cc\u0631", "\u0679\u06cc\u06a9\u0633", "\u0627\u062c\u0644\u0627\u0633", "\u0633\u0631\u0645\u0627\u06cc\u06c1", "\u0628\u0648\u0631\u0688", "\u0627\u0633\u0644\u0627\u0645"], ["\u0631\u0646\u0632", "\u0645\u06cc\u0686", "\u0627\u0646\u0646\u06af\u0632", "\u062d\u0627\u0635\u0644", "\u0634\u06a9\u0633\u062a", "\u0679\u06cc\u0633\u0679", "\u0648\u06a9\u0679", "\u067e\u06c1\u0644\u06d2", "\u0648\u06a9\u0679\u06cc\u06ba", "\u0627\u0646\u06af\u0644\u06cc\u0646\u0688"]], "diversity": 0.56, "dataset": "news", "embedding_method": "CTM", "model": "CTM", "topic_method": "CTM", "language": "indonesian", "dataset_length": 3000, "average_document_length": 76.0, "vocab_size": 1628, "training_time": 80.11711692810059}