{"teacher_coherence": 0.04036931674424281, "cv_coherence": 0.5784864755307455, "teacher_top_tokens": [["\u0646\u06c1\u06cc\u06ba", "\u0627\u06cc\u06a9", "\u0641\u0644\u0645", "\u0627\u067e\u0646\u06d2", "\u062a\u06be\u0627", "\u0633\u0627\u062a\u06be", "\u06a9\u06c1\u0627", "\u06a9\u0627\u0645", "\u0628\u0627\u062a", "\u06c1\u0648\u06ba"], ["\u0628\u0648\u0631\u0688", "\u0633\u067e\u0648\u0631\u0679\u0633", "\u0641\u06cc\u0688\u0631\u06cc\u0634\u0646", "\u06a9\u0631\u06a9\u0679", "\u062d\u0635\u06c1", "\u0627\u0633\u0644\u0627\u0645", "\u067e\u0627\u06a9\u0633\u062a\u0627\u0646", "\u06a9\u06be\u0644\u0627\u0691\u06cc\u0648\u06ba", "\u0641\u0679\u0628\u0627\u0644", "\u06a9\u06cc\u0645\u067e"], ["\u0646\u06c1\u06cc\u06ba", "\u0627\u06cc\u06a9", "\u06a9\u06c1\u0627", "\u067e\u0627\u06a9\u0633\u062a\u0627\u0646", "\u062a\u06be\u0627", "\u06a9\u0631\u06a9\u0679", "\u0644\u06cc\u06d2", "\u0679\u06cc\u0645", "\u0627\u0646\u06c1\u0648\u06ba", "\u06a9\u0631\u0646\u06d2"], ["\u0645\u062d\u06a9\u0645\u06c1", "\u06a9\u0631\u067e\u0634\u0646", "\u0627\u0639\u062f\u0627\u062f", "\u06a9\u0627\u0631\u0631\u0648\u0627\u0626\u06cc", "\u0627\u0641\u0633\u0648\u0633", "\u0688\u0648\u06cc\u0644\u067e\u0645\u0646\u0679", "\u0645\u0646\u0633\u0644\u06a9", "\u0646\u06cc\u0648", "\u0642\u0627\u0646\u0648\u0646\u06cc", "\u067e\u0648\u0631\u06d2"], ["\u06a9\u0648\u0627\u0644\u06cc\u0641\u0627\u0626\u06cc", "\u0645\u06cc\u0646\u0632", "\u0641\u0627\u0626\u0646\u0644", "\u0633\u06cc\u0645\u06cc", "\u0679\u06cc\u0646\u0633", "\u0679\u0648\u0631\u0646\u0627\u0645\u0646\u0679", "\u062f\u0648\u0633\u0631\u0627", "\u0686\u06cc\u0645\u067e\u0626\u0646", "\u0679\u0627\u0626\u0679\u0644", "\u0648\u06cc\u0645\u0646\u0632"], ["\u062d\u06a9\u0648\u0645\u062a", "\u0644\u0626\u06d2", "\u062c\u0627\u0626\u06d2", "\u062a\u0627\u06a9\u06c1", "\u0679\u06cc\u06a9\u0633", "\u06a9\u0631\u0646\u06d2", "\u0635\u062f\u0631", "\u062c\u0646\u0631\u0644", "\u0645\u0635\u0646\u0648\u0639\u0627\u062a", "\u06a9\u06c1\u0627"], ["\u0641\u0644\u0645", "\u0627\u062f\u0627\u06a9\u0627\u0631", "\u0628\u0627\u0644\u06cc", "\u0634\u0627\u062f\u06cc", "\u0631\u06cc\u0644\u06cc\u0632", "\u0645\u06cc\u0688\u06cc\u0627", "\u0648\u0648\u0688", "\u0627\u062f\u0627\u06a9\u0627\u0631\u06c1", "\u0648\u0627\u0644\u06cc", "\u0645\u0645\u0628\u0626\u06cc"], ["\u0645\u06cc\u0686", "\u0631\u0646\u0632", "\u0633\u06cc\u0631\u06cc\u0632", "\u062c\u0628\u06a9\u06c1", "\u0679\u06cc\u0645", "\u0631\u0648\u067e\u06d2", "\u062d\u0635\u0635", "\u0679\u06cc\u0633\u0679", "\u067e\u0648\u0627\u0626\u0646\u0679\u0633", "\u067e\u0627\u06a9\u0633\u062a\u0627\u0646"], ["\u0634\u062e\u0635", "\u0646\u06cc\u0648", "\u0648\u0627\u067e\u0633", "\u0645\u0634\u06a9\u0644\u0627\u062a", "\u0645\u0645\u06a9\u0646\u06c1", "\u0627\u062b\u0631\u0627\u062a", "\u0686\u0644\u06d2", "\u06a9\u0646\u0679\u0631\u0648\u0644", "\u0627\u0639\u062f\u0627\u062f", "\u0639\u062f\u0627\u0644\u062a"], ["\u06a9\u0631\u06a9\u0679", "\u0679\u06cc\u0645", "\u06a9\u0648\u0686", "\u0628\u0648\u0631\u0688", "\u06a9\u06c1\u0646\u0627", "\u06a9\u067e\u062a\u0627\u0646", "\u0679\u06cc\u0633\u0679", "\u062a\u06be\u0627", "\u06a9\u06be\u0644\u0627\u0691\u06cc\u0648\u06ba", "\u0633\u06cc\u0631\u06cc\u0632"], ["\u062d\u06a9\u0648\u0645\u062a", "\u0627\u06cc\u0641", "\u0635\u062f\u0631", "\u06a9\u0631\u06d2", "\u0641\u0631\u0648\u063a", "\u062a\u062c\u0627\u0631\u062a", "\u0644\u0626\u06d2", "\u0686\u06cc\u0645\u0628\u0631", "\u067e\u0646\u062c\u0627\u0628", "\u0627\u06cc\u0646\u0688"], ["\u0645\u06cc\u0686", "\u0679\u06cc\u0645", "\u0631\u0646\u0632", "\u062d\u0627\u0635\u0644", "\u0645\u062d\u0645\u062f", "\u0633\u06cc\u0631\u06cc\u0632", "\u0639\u0644\u06cc", "\u0634\u06a9\u0633\u062a", "\u06af\u0626\u06d2", "\u06a9\u06be\u06cc\u0644\u06d2"], ["\u06a9\u0645\u06cc", "\u0631\u0648\u067e\u06d2", "\u0645\u0637\u0627\u0628\u0642", "\u0641\u06cc\u0635\u062f", "\u0627\u0636\u0627\u0641\u06c1", "\u062c\u0628\u06a9\u06c1", "\u0688\u0627\u0644\u0631", "\u062f\u0648\u0631\u0627\u0646", "\u06c1\u0632\u0627\u0631", "\u0627\u06cc\u0633"], ["\u0631\u0648\u067e\u06d2", "\u0631\u0646\u0632", "\u06a9\u0645\u06cc", "\u0688\u0627\u0644\u0631", "\u06c1\u0641\u062a\u06d2", "\u0642\u06cc\u0645\u062a", "\u0645\u0627\u0631\u06a9\u06cc\u0679", "\u062d\u0635\u0635", "\u0627\u0646\u0646\u06af\u0632", "\u06c1\u0648\u06af\u0626\u06cc"], ["\u0679\u06cc\u06a9\u0633", "\u0627\u06cc\u0641", "\u0627\u0631\u0628", "\u0634\u0631\u062d", "\u0645\u0627\u0644\u06cc", "\u062d\u06a9\u0648\u0645\u062a", "\u0633\u0627\u0644", "\u0641\u06cc\u0635\u062f", "\u06a9\u0631\u0646\u06d2", "\u062f\u0648\u0631\u0627\u0646"], ["\u0641\u0644\u0645", "\u0627\u06cc\u06a9", "\u0627\u067e\u0646\u06d2", "\u0627\u067e\u0646\u06cc", "\u0646\u06c1\u06cc\u06ba", "\u062e\u0627\u0646", "\u0627\u062f\u0627\u06a9\u0627\u0631\u06c1", "\u0633\u0627\u062a\u06be", "\u06c1\u0648\u06ba", "\u0628\u06c1\u062a"], ["\u0628\u0627\u0644\u06cc", "\u0627\u062f\u0627\u06a9\u0627\u0631\u06c1", "\u0645\u0645\u0628\u0626\u06cc", "\u0627\u062f\u0627\u06a9\u0627\u0631", "\u06a9\u067e\u0648\u0631", "\u0631\u06cc\u0644\u06cc\u0632", "\u0645\u06cc\u0688\u06cc\u0627", "\u0634\u0627\u062f\u06cc", "\u0648\u0648\u0688", "\u0627\u0646\u06c1\u06cc\u06ba"], ["\u06a9\u0645\u06cc", "\u0688\u0627\u0644\u0631", "\u0628\u0691\u06be", "\u0627\u0636\u0627\u0641\u06c1", "\u0642\u06cc\u0645\u062a", "\u0633\u0648\u0646\u06d2", "\u0641\u06cc\u0635\u062f", "\u067e\u06cc\u0633\u06d2", "\u0631\u0648\u067e\u06d2", "\u0631\u062c\u062d\u0627\u0646"], ["\u0679\u06cc\u0645", "\u06a9\u0631\u06a9\u0679", "\u06a9\u0648\u0686", "\u0679\u06cc\u0633\u0679", "\u0633\u0627\u0628\u0642", "\u06a9\u067e\u062a\u0627\u0646", "\u067e\u0627\u06a9\u0633\u062a\u0627\u0646", "\u0633\u0631\u0641\u0631\u0627\u0632", "\u062a\u06be\u0627", "\u0627\u062d\u0645\u062f"], ["\u0631\u0646\u0632", "\u0645\u06cc\u0686", "\u062d\u0627\u0635\u0644", "\u0646\u0642\u0635\u0627\u0646", "\u062c\u06cc\u062a", "\u0627\u0646\u0646\u06af\u0632", "\u0628\u0646\u0627\u0626\u06d2", "\u0648\u06a9\u0679", "\u0628\u0646\u06af\u0644\u06c1", "\u0679\u06cc\u0633\u0679"]], "teacher_diversity": 0.635, "dataset": "ted_talks", "embedding_method": "Pre-trained embeddings", "model": "GMM", "topic_method": "tf", "language": "urdu", "dataset_length": 2430, "average_document_length": 76.0, "vocab_size": 1628, "embedding_model": "BERT", "training_time": 30.606027126312256}