{"coherence": 0.058225741422219666, "cv_coherence": 0.6641605240131376, "top_tokens": [["\u0443\u043d\u044b\u04a3", "\u0431\u0443\u043b\u044b\u043f", "\u0431\u0430\u0448\u04a1\u043e\u0440\u0442", "\u04bb\u04d9\u0440", "\u0431\u0430\u043b\u0430\u043b\u0430\u0440", "\u0493\u044b\u043d\u0430", "\u0442\u0443\u0440\u0430\u04bb\u044b\u043d\u0434\u0430", "\u043a\u0438\u0448\u0438\u043b\u0438\u043a", "\u043a\u04af\u043f", "\u043a\u0435\u0448\u0435"], ["\u0430\u0443\u044b\u043b", "\u043c\u04d9\u0499\u04d9\u043d\u0438\u04d9\u0442", "\u044f\u04a3\u044b", "\u0443\u043d\u044b\u04a3", "\u0499\u0443\u0440", "\u0445\u0430\u043b\u044b\u04a1", "\u0442\u0443\u0440\u0430\u04bb\u044b\u043d\u0434\u0430", "\u0430\u0443\u044b\u043b\u044b", "\u0431\u0443\u043b\u044b\u043f", "\u0430\u0443\u044b\u043b\u044b\u043d\u0434\u0430"], ["\u043d\u0438\u04a3", "\u0434\u04e9\u043b\u04d9\u0442", "\u04bb\u04d9\u0440\u0431\u0438\u0438", "\u0497\u0438\u043d\u043f\u0438\u04a3", "\u0442\u043e\u049b\u0443\u043d\u0443\u0448", "\u0431\u0438\u0432\u0430\u0441\u0438\u0442\u04d9", "\u0431\u0438\u0445\u04d9\u0442\u04d9\u0440\u043b\u0438\u043a", "\u043c\u04d9\u0441\u0438\u043b\u04d9", "\u0431\u043e\u043b\u0493\u0430\u043d", "\u04bb\u0430\u043b\u0434\u0430"], ["\u0442\u0435\u0430\u0442\u0440", "\u043c\u04d9\u0499\u04d9\u043d\u0438\u04d9\u0442", "\u043a\u043e\u043d\u043a\u0443\u0440\u0441", "\u0440\u043e\u0441\u0441\u0438\u0438", "\u0442\u0435\u0430\u0442\u0440\u044b", "\u0445\u0430\u043b\u044b\u04a1", "\u0431\u0430\u0448\u04a1\u043e\u0440\u0442\u043e\u0441\u0442\u0430\u043d", "\u043a\u043e\u043d\u043a\u0443\u0440\u0441\u0442\u0430", "\u0442\u0443\u0440\u043d\u0438\u0440", "\u043a\u043b\u0443\u0431"], ["email", "\u043a\u043d\u043e\u043f\u043a\u0443", "\u0432\u0430\u0448\u0443", "\u0440\u0430\u0434\u044b", "\u0430\u0434\u0440\u0435\u0441", "\u0432\u0430\u0448", "\u043c\u043e\u0436\u043d\u043e", "200", "\u0442\u0435\u0445\u043d\u043e\u043b\u043e\u0433\u0438\u0438", "\u044d\u0442\u043e"], ["\u00e6\u043c\u00e6", "\u043a\u0443\u044b\u0434", "\u043f\u0430\u0434\u0434\u0437\u0430\u0445\u0430\u0434\u043e\u043d", "\u043a\u00e6\u043d\u044b\u043d\u044b", "\u0444\u00e6\u043b\u00e6", "\u0430\u0445\u00e6\u043c", "\u0444\u00e6\u0441\u0442\u00e6", "\u0444\u00e6\u0434\u044b\u043b", "\u0431\u0430\u043d\u044b\u0441\u0430\u043d", "\u0433\u00e6\u0441\u0433\u00e6"], ["\u0431\u0430\u0448\u04a1\u043e\u0440\u0442\u043e\u0441\u0442\u0430\u043d", "\u0442\u0443\u0440\u0430\u04bb\u044b\u043d\u0434\u0430", "\u0440\u0435\u0441\u043f\u0443\u0431\u043b\u0438\u043a\u0430", "\u0445\u0430\u043b\u044b\u04a1", "\u04a1\u0430\u0431\u0443\u043b", "\u043c\u04d9\u0499\u04d9\u043d\u0438\u04d9\u0442", "\u0499\u0443\u0440", "\u0430\u0440\u0430\u04bb\u044b\u043d\u0434\u0430", "\u0431\u0430\u043d\u044b\u0441\u0430\u043d", "\u044f\u0440\u0499\u0430\u043c"], ["\u0442\u0433\u1d0f\u043f\u0261", "\u0442\u04bb\u1d07\u1d0f", "\u0566\u1d1c\u0251\u043f", "\u1d06\u0251\u043f\u0261", "\u0566\u1d1c\u0251", "\u0442\u0433\u1d1c\u043f\u0261", "\u1d0d\u0251\u043f\u0261", "\u1d04\u04bb\u026a\u0251", "\u0261\u026a\u0251\u043f", "\u0261\u026a\u0251\u1d0f"], ["\u043c\u0435\u043d\u04d9\u043d", "\u0433\u0435\u043d\u04d9", "\u0448\u0443\u043b", "\u04af\u0499\u0435\u043c", "\u043a\u0438\u043b\u0435\u043f", "\u043c\u0438\u043d\u0435\u04a3", "\u0431\u0443\u043b\u044b\u043f", "\u0442\u0438\u043a", "\u044f\u04a3\u044b", "\u0431\u0435\u0499\u0499\u0435\u04a3"], ["\u04bb\u04e9\u043a\u04af\u043c\u0438\u0442\u0438", "\u049b\u0430\u0440\u0448\u0438", "\u0431\u043e\u043b\u0493\u0430\u043d", "\u0442\u04af\u0440\u043a\u0438\u0441\u0442\u0430\u043d", "\u049b\u0438\u043b\u0438\u0448", "\u04bb\u04d9\u049b\u049b\u0438\u0434\u04d9", "\u0443\u043d\u0438\u04a3", "\u0440\u04d9\u0438\u0441\u0438", "\u04d9\u0440\u043a\u0438\u043d", "\u0442\u04d9\u043b\u04d9\u043f"], ["\u043b\u0435\u0442", "\u0434\u0435\u043d\u044c", "\u043c\u0430\u044f", "\u043c\u0438\u0440\u0435", "\u0438\u044e\u043b\u044f", "\u0441\u0435\u043d\u0442\u044f\u0431\u0440\u044f", "\u043c\u0438\u043d\u0443\u0442", "\u043c\u043e\u0436\u043d\u043e", "\u0432\u0440\u0435\u043c\u044f", "\u0431\u0443\u0434\u0435\u0442"], ["\u043a\u0430\u0440\u0442\u0430", "\u0433\u043e\u0434\u0430", "2019", "2023", "\u0444\u0435\u0434\u0435\u0440\u0430\u043b\u044c", "\u0431\u0430\u0448\u04a1\u043e\u0440\u0442\u043e\u0441\u0442\u0430\u043d", "2020", "\u0440\u0435\u0441\u043f\u0443\u0431\u043b\u0438\u043a\u0430", "\u0440\u0435\u0441\u043f\u0443\u0431\u043b\u0438\u043a\u0438", "\u0432\u043b\u0430\u0434\u0438\u043c\u0438\u0440"], ["\u049b\u0430\u0440\u0448\u0438", "\u0431\u043e\u043b\u0493\u0430\u043d", "\u0443\u043d\u0438\u04a3", "\u049b\u0438\u043b\u0493\u0430\u043d", "\u0434\u043e\u043b\u049b\u0443\u043d", "\u0437\u0438\u044f\u0440\u04d9\u0442", "\u0442\u04af\u0440\u043a\u0438\u0441\u0442\u0430\u043d", "\u0445\u04d9\u043b\u049b\u0430\u0440\u0430", "\u0442\u0430\u0448\u049b\u0438", "\u049b\u0438\u043b\u0438\u0448"], ["\u044d\u0448\u043a\u04d9\u0440\u0442\u0435\u04af", "\u04d9\u0433\u04d9\u0440", "\u04e9\u04ab\u0442\u04e9\u043d\u0434\u04d9", "\u0443\u043d\u044b\u04a3", "\u0493\u044b\u043d\u0430", "\u0499\u0443\u0440", "\u044f\u0440\u0499\u0430\u043c", "\u04bb\u0435\u0499\u0433\u04d9", "\u043c\u04e9\u043c\u043a\u0438\u043d", "\u04bb\u04d9\u0440"], ["\u044f\u0440\u0499\u0430\u043c", "\u0431\u044b\u043b", "\u044f\u04a3\u044b", "\u0433\u0435\u043d\u04d9", "\u0431\u0435\u0499\u0499\u0435\u04a3", "\u0445\u0435\u0499\u043c\u04d9\u0442\u043a\u04d9\u0440\u0499\u04d9\u0440\u0435", "\u0431\u0435\u0499", "\u0445\u04d9\u0440\u0431\u0438", "\u0431\u0443\u043b\u044b\u043f", "\u0431\u0430\u043b\u0430\u043b\u0430\u0440"], ["\u043c\u0435\u043d\u04d9\u043d", "\u0433\u0435\u043d\u04d9", "\u0431\u044b\u043b", "\u0431\u0438\u043a", "\u0442\u0438\u043a", "\u0448\u0443\u043b", "\u043a\u0435\u0448\u0435", "\u043c\u0438\u043d\u0435\u04a3", "\u043a\u0438\u043b\u0435\u043f", "\u0445\u04d9\u0499\u0435\u0440"], ["\u0440\u043e\u0441\u0441\u0438\u0438", "\u043f\u0443\u0442\u0438\u043d", "\u0443\u043a\u0440\u0430\u0438\u043d\u0430", "\u0432\u043b\u0430\u0434\u0438\u043c\u0438\u0440", "\u0440\u043e\u0441\u0441\u0438\u044f", "\u0442\u0430\u0442\u0430\u0440", "\u0442\u0443\u0440\u0430\u04bb\u044b\u043d\u0434\u0430", "\u0445\u04d9\u0440\u0431\u0438", "\u0440\u0443\u0441", "\u04a1\u0430\u0440\u0430\u0440"], ["\u043a\u043d\u0438\u0433", "\u043d\u0430\u0448", "\u043d\u0430\u0441", "\u0438\u043d\u0442\u0435\u0440\u043d\u0435\u0442", "\u043d\u0430\u043c", "\u043c\u0443\u0437\u0435\u0438", "\u0438\u0441\u0442\u043e\u0440\u0438\u044f", "\u0430\u0432\u0442\u043e\u0440", "\u0430\u043c\u0435\u0440\u0438\u043a\u0430", "\u0430\u0434\u0440\u0435\u0441"], ["2019", "2018", "2022", "2023", "2021", "2024", "\u0433\u043e\u0434\u0430", "2016", "2014", "2017"], ["\u04d9\u0499\u04d9\u0431\u0438", "\u043a\u04e9\u0499\u0433\u04e9\u04bb\u04e9", "\u043a\u0438\u0442\u0430\u043f\u0442\u0430\u0440\u0499\u0430", "\u0442\u043e\u0493\u0440\u043e\u043b\u043e\u04a1", "\u04d9\u0440\u043a\u0438\u043d", "\u0437\u0430\u043c\u0430\u043d", "\u04bb\u04d9\u049b\u049b\u0438\u0434\u04d9", "\u0438\u0436\u0430\u0434\u0438", "\u0438\u0436\u0430\u0434\u044b", "\u04bb\u04e9\u043a\u04af\u043c\u0438\u0442\u0438\u043d\u0438\u04a3"], ["\u043c\u0435\u043d\u04d9\u043d", "\u0431\u044b\u043b", "\u043a\u0438\u043b\u0435\u043f", "\u0433\u0435\u043d\u04d9", "\u0443\u043d\u044b\u04a3", "\u0493\u044b\u043d\u0430", "\u04af\u0499\u0435", "\u04af\u0499\u0435\u043c", "\u04bb\u04d9\u0440", "\u04a1\u044b\u043d\u0430"]], "diversity": 0.745, "dataset": "news", "embedding_method": "CTM", "model": "CTM", "topic_method": "CTM", "language": "indonesian", "dataset_length": 3287, "average_document_length": 38.0, "vocab_size": 2599, "training_time": 45.2699339389801}