{"coherence": 0.08453191202651152, "cv_coherence": 0.7182426750756136, "top_tokens": [["\u0431\u044b\u043b", "\u0443\u043d\u044b\u04a3", "\u043a\u0438\u0448\u0438\u043b\u0438\u043a", "\u0433\u0435\u043d\u04d9", "\u04bb\u043e\u049b\u0443\u049b", "\u0431\u0430\u043b\u0430\u043b\u0430\u0440", "\u049b\u0438\u043b\u0493\u0430\u043d", "\u0442\u04d9\u0440\u0438\u043f\u0438\u0434\u0438\u043d", "\u0442\u04e9\u0440\u043b\u04e9", "\u044f\u04a3\u044b"], ["\u04bb\u04d9\u0440\u0431\u0438\u0438", "\u043d\u0438\u04a3", "\u0431\u0438\u0432\u0430\u0441\u0438\u0442\u04d9", "\u0497\u0438\u043d\u043f\u0438\u04a3", "\u0442\u043e\u049b\u0443\u043d\u0443\u0448", "\u0431\u0438\u0445\u04d9\u0442\u04d9\u0440\u043b\u0438\u043a", "\u043c\u04d9\u0441\u0438\u043b\u04d9", "\u04bb\u0430\u043b\u0434\u0430", "\u0445\u04d9\u043b\u049b\u0430\u0440\u0430", "\u043e\u0442\u0442\u0443\u0440\u0438\u0493\u0430"], ["\u0442\u0433\u1d0f\u043f\u0261", "\u0442\u04bb\u1d07\u1d0f", "\u0566\u1d1c\u0251\u043f", "\u1d06\u0251\u043f\u0261", "\u0442\u0433\u1d1c\u043f\u0261", "\u1d0d\u0251\u043f\u0261", "\u1d04\u04bb\u026a\u0251", "\u0261\u026a\u0251\u043f", "\u0261\u026a\u0251\u1d0f", "\u1d20\u1d0f\u043f\u0261"], ["\u043f\u0443\u0442\u0438\u043d", "\u0440\u043e\u0441\u0441\u0438\u0438", "\u0443\u043a\u0440\u0430\u0438\u043d\u0430", "\u0432\u043b\u0430\u0434\u0438\u043c\u0438\u0440", "\u0493\u0443\u043b\u0497\u0430", "\u0440\u043e\u0441\u0441\u0438\u044f", "\u049b\u0438\u043b\u0493\u0430\u043d", "\u049b\u043e\u0431\u0443\u043b", "\u04bb\u04d9\u049b\u049b\u0438\u0434\u04d9", "\u0431\u043e\u043b\u0493\u0430\u043d"], ["\u0431\u0430\u043b\u0430\u043b\u0430\u0440", "\u0441\u043f\u043e\u0440\u0442", "\u043c\u04d9\u043a\u0442\u04d9\u043f", "\u0442\u04af\u0440\u043a\u0438\u0441\u0442\u0430\u043d", "\u0443\u04a1\u044b\u0443\u0441\u044b\u043b\u0430\u0440", "\u0443\u04a1\u044b\u0443\u0441\u044b\u043b\u0430\u0440\u044b", "\u049b\u0430\u0437\u0430\u049b", "\u0442\u0443\u0440\u0430\u04bb\u044b\u043d\u0434\u0430", "\u0443\u04a1\u044b\u0443", "\u0445\u0430\u043b\u044b\u04a1"], ["\u0441\u044b\u0440", "\u043a\u043e\u0440\u043e\u043d\u0430\u0432\u0438\u0440\u0443\u0441", "\u044f\u04a3\u044b", "\u0431\u0430\u0448\u04a1\u043e\u0440\u0442\u043e\u0441\u0442\u0430\u043d\u0434\u0430", "\u0443\u043d\u044b\u04a3", "\u0443\u043b\u0430\u0440\u0499\u044b\u04a3", "\u04bb\u0443\u04a3\u0493\u044b", "\u0442\u044b\u0443\u0493\u0430\u043d", "\u043a\u04af\u043f", "\u044d\u0441\u0435\u043d\u0434\u04d9"], ["\u043b\u0435\u0442", "\u0434\u0435\u043d\u044c", "\u043c\u0438\u0440\u0435", "\u043c\u0430\u044f", "\u0438\u044e\u043b\u044f", "\u0441\u0435\u043d\u0442\u044f\u0431\u0440\u044f", "\u0433\u043e\u0434\u0430", "\u0432\u0440\u0435\u043c\u044f", "\u0444\u0435\u0432\u0440\u0430\u043b\u044c", "\u043c\u0430\u0440\u0442"], ["\u0443\u043d\u044b\u04a3", "\u0431\u0443\u043b\u044b\u043f", "\u0499\u0443\u0440", "\u0442\u0443\u0440\u0430\u04bb\u044b\u043d\u0434\u0430", "\u0493\u044b\u043d\u0430", "\u0431\u0430\u0448\u04a1\u043e\u0440\u0442", "\u0431\u0435\u0499", "\u0431\u0430\u0448\u04a1\u0430", "\u0445\u0430\u043b\u044b\u04a1", "\u04bb\u044b\u0443"], ["\u0433\u043e\u0440\u043e\u0434\u0430", "\u043a\u0443\u043b\u044c\u0442\u0443\u0440\u044b", "\u0441\u043f\u043e\u0440\u0442", "\u043f\u0440\u0435\u043c\u0438\u0438", "\u043c\u0435\u0434\u0438\u0446\u0438\u043d\u0430", "\u043f\u0440\u0435\u043c\u0438\u044f", "\u043b\u0430\u0443\u0440\u0435\u0430\u0442\u044b", "\u043d\u0430\u0441", "\u0438\u043d\u0444\u043e\u0440\u043c\u0430\u0446\u0438\u0438", "\u043c\u0443\u0437\u0435\u0438"], ["\u043d\u0435\u0442", "180", "150", "250", "200", "\u0442\u0435\u0445\u043d\u043e\u043b\u043e\u0433\u0438\u0438", "300", "2000", "400", "500"], ["\u0442\u043e\u043b\u044c\u043a\u043e", "\u044d\u0442\u043e", "\u043c\u043e\u0436\u043d\u043e", "\u0435\u0441\u0442\u044c", "\u0447\u0442\u043e", "\u0432\u0430\u0448\u0443", "\u043c\u043e\u0436\u0435\u0442\u0435", "\u0438\u043c\u044f", "\u0432\u0430\u0448", "\u0440\u043e\u0441\u0441\u0438\u0438"], ["\u00e6\u043c\u00e6", "\u043a\u0443\u044b\u0434", "\u043f\u0430\u0434\u0434\u0437\u0430\u0445\u0430\u0434\u043e\u043d", "\u043a\u00e6\u043d\u044b\u043d\u044b", "\u0431\u0430\u043d\u044b\u0441\u0430\u043d", "\u0444\u00e6\u043b\u00e6", "\u0433\u00e6\u0441\u0433\u00e6", "\u00e6\u0432\u0437\u0430\u0440\u00e6\u043d", "\u0430\u0445\u00e6\u043c", "\u043a\u044a\u0430\u043c\u0438\u0441\u044b"], ["\u043c\u0435\u0434\u0438\u0446\u0438\u043d\u0430", "\u04d9\u0433\u04d9\u0440", "\u044f\u0432\u0440\u043e\u043f\u0430", "\u043c\u04e9\u043c\u043a\u0438\u043d", "\u0431\u0438\u043a", "\u043a\u04af\u043f", "\u0431\u0443\u043b\u044b\u043f", "\u044f\u0440\u0499\u0430\u043c", "\u0448\u0443\u043b", "\u0431\u044b\u043d\u0434\u0430"], ["\u0431\u0430\u0448\u04a1\u043e\u0440\u0442\u043e\u0441\u0442\u0430\u043d", "\u0440\u0435\u0441\u043f\u0443\u0431\u043b\u0438\u043a\u0430\u04bb\u044b", "\u043c\u0443\u043d\u0438\u0446\u0438\u043f\u0430\u043b\u044c", "\u0431\u0430\u0448\u04a1\u043e\u0440\u0442\u043e\u0441\u0442\u0430\u043d\u0434\u044b\u04a3", "\u043c\u0438\u043d\u0438\u0441\u0442\u0440\u044b", "\u04a1\u0430\u0431\u0443\u043b", "\u043c\u04d9\u0493\u0430\u0440\u0438\u0444", "\u0442\u0443\u0440\u0430\u04bb\u044b\u043d\u0434\u0430", "\u0440\u0435\u0441\u043f\u0443\u0431\u043b\u0438\u043a\u0430\u04bb\u044b\u043d\u044b\u04a3", "\u043c\u0438\u043d\u0438\u0441\u0442\u0440\u043b\u044b\u0493\u044b"], ["\u00e6\u043c\u00e6", "\u043f\u0430\u0434\u0434\u0437\u0430\u0445\u0430\u0434\u043e\u043d", "\u0430\u0445\u00e6\u043c", "\u043a\u00e6\u043d\u044b\u043d\u044b", "\u0444\u00e6\u043b\u00e6", "\u043a\u0443\u044b\u0434", "\u0444\u00e6\u0441\u0442\u00e6", "\u043a\u044a\u0430\u043c\u0438\u0441\u044b", "\u00e6\u0432\u0437\u0430\u0440\u00e6\u043d", "\u0440\u00e6\u0441\u0442\u00e6\u0434\u0436\u044b"], ["\u043a\u043d\u0438\u0433", "\u0430\u0432\u0442\u043e\u0440", "\u043a\u043d\u0438\u0433\u0438", "\u043d\u043e\u0442\u044b", "pdf", "\u0442\u0435\u0445\u043d\u0438\u043a\u0430", "\u043a\u0430\u0447\u0435\u0441\u0442\u0432\u0430", "2020", "\u0437\u0430\u044f\u0432\u043a\u0430", "\u0441\u043e\u0432\u0435\u0442"], ["\u043c\u04d9\u0499\u04d9\u043d\u0438\u04d9\u0442", "\u0444\u043e\u043b\u044c\u043a\u043b\u043e\u0440", "\u0445\u0430\u043b\u044b\u04a1", "\u0431\u0430\u0448\u04a1\u043e\u0440\u0442", "\u044d\u0448\u043b\u04d9\u043f", "\u0442\u0443\u0440\u0430\u04bb\u044b\u043d\u0434\u0430", "\u0438\u0436\u0430\u0434\u044b", "\u0430\u0440\u0430\u04bb\u044b\u043d\u0434\u0430", "\u0431\u0430\u0448\u04a1\u043e\u0440\u0442\u043e\u0441\u0442\u0430\u043d", "\u0445\u0430\u043a\u0438\u043c\u0438\u04d9\u0442\u0435"], ["\u0438\u043c\u044f", "email", "\u0431\u0443\u0434\u0435\u0442", "\u0432\u0430\u0448", "\u0438\u043c\u0435\u043d", "\u043c\u043e\u0436\u043d\u043e", "\u044d\u0442\u043e", "\u0435\u0441\u0442\u044c", "\u0441\u044b\u043d", "\u0432\u0430\u043c"], ["\u0430\u043d\u0441\u0430\u043c\u0431\u043b\u044c", "\u0442\u0435\u0430\u0442\u0440", "\u043a\u043b\u0443\u0431", "\u043f\u0435\u0441\u043d\u0438", "\u043c\u04d9\u0499\u04d9\u043d\u0438\u04d9\u0442", "\u043a\u043e\u043b\u043b\u0435\u043a\u0442\u0438\u0432", "\u043a\u043e\u043d\u0446\u0435\u0440\u0442", "\u043a\u043e\u043d\u043a\u0443\u0440\u0441\u0442\u0430", "\u043c\u0443\u0437\u044b\u043a\u0430", "\u043a\u043e\u043d\u043a\u0443\u0440\u0441"], ["\u0443\u043d\u044b\u04a3", "\u0445\u0430\u04a1\u044b\u043d\u0434\u0430", "\u0431\u0443\u043b\u0493\u0430\u043d", "\u0430\u0499\u0430\u04a1", "\u0431\u0430\u0448\u04a1\u0430", "\u0438\u0441\u043b\u0430\u043c", "\u0493\u044b\u043d\u0430", "\u044f\u0440\u0499\u0430\u043c", "\u0443\u04a1\u044b\u0443", "\u04a1\u0430\u0440\u0448\u044b"], ["\u0431\u0438\u043a", "\u0442\u0438\u043a", "\u04a1\u0430\u0442\u044b\u043d\u044b", "\u0442\u043e\u0440\u0493\u0430\u043d", "\u0448\u0443\u043b", "\u0431\u0443\u043b\u044b\u043f", "\u04a1\u044b\u043d\u0430", "\u0499\u0443\u0440", "\u0445\u04d9\u0499\u0435\u0440", "\u043a\u04af\u0499"], ["2023", "2021", "2022", "\u0433\u043e\u0434\u0430", "\u04bb\u0443\u043c", 