{"coherence": 0.032938657431474797, "teacher_coherence": 0.0655640667302194, "top_tokens": [["\u0442\u0438\u043a", "\u0431\u0443\u043b\u044b\u043f", "\u0431\u0430\u0440\u044b\u043f", "\u0433\u0435\u043d\u04d9", "\u0442\u0438\u043f", "\u0493\u044b\u043d\u0430", "\u04bb\u0438\u043d", "\u0438\u043d\u0434\u0435", "\u043d\u0438\u0441\u0435\u043a", "\u04d9\u043b\u043b\u04d9"], ["\u0435\u043b\u0438\u043f", "\u0442\u043e\u0493\u0440\u0438\u0441\u0438\u0434\u0430", "\u043b\u0435\u043a\u0438\u043d", "\u0435\u043b\u0430\u043d", "\u04bb\u04e9\u043a\u04af\u043c\u0438\u0442\u0438", "\u0440\u04d9\u0438\u0441\u0438", "\u0431\u0438\u0440", "\u043a\u04af\u043d\u0438", "\u04bb\u04e9\u043a\u04af\u043c\u0438\u0442\u0438\u043d\u0438\u04a3", "\u0430\u0440\u049b\u0438\u043b\u0438\u049b"], ["\u043c\u0435\u0434\u0430\u043b\u044c", "\u043b\u0435\u0442", "\u044e\u0431\u0438\u043b\u044f\u0440\u0448\u0430", "\u043c\u0435\u0434\u0430\u043b\u0438", "\u043c\u0435\u0442\u0430\u043b\u043b\u0438\u0447\u0435\u0441\u043a\u0430\u044f", "2023", "\u043c\u0438\u043d\u0438\u0441\u0442\u0440\u043b\u044b\u0493\u044b", "\u0438\u0442\u0442\u0438\u043f\u0430\u049b\u043b\u0438\u049b", "\u0448\u04d9\u043a\u0438\u043b\u0434\u0438\u043a\u0438", "\u0440\u0435\u0441\u043f\u0443\u0431\u043b\u0438\u043a\u0430\u043b\u0430"], ["\u04bb\u0443\u04a3", "\u0442\u0438\u043f", "\u0443\u043d\u044b\u04a3", "\u0431\u0443\u043b\u044b\u043f", "\u0438\u0442\u0435\u043f", "\u0431\u0438\u043a", "\u04d9\u043c\u043c\u04d9", "\u04e9\u0441\u04e9\u043d", "\u0443\u043d\u044b", "\u0445\u04d9\u0499\u0435\u0440"], ["\u0438\u04ab\u0435\u0440\u0435\u043f", "\u04bb\u0430\u0440\u0430\u049b", "\u0431\u0430\u0445\u044b\u0440", "\u0442\u0430\u043f\u0430\u043d\u0447\u0430", "\u0441\u04d9\u043a\u043a\u0438\u0437", "\u043c\u0443\u04bb\u0430\u0497\u0438\u0440\u04d9\u0442\u0442\u04d9", "\u0448\u0430\u0440\u0430\u0438\u0442\u0438", "\u0431\u043b\u043e\u043a", "\u04a1\u044b\u04ab\u0430", "\u043c\u04d9\u043a\u0442\u04d9\u043f\u043b\u04d9\u0440\u0433\u04d9"], ["\u043c\u0443\u043d\u0438\u0446\u0438\u043f\u0430\u043b\u044c", "\u04d9\u0499\u04d9\u0431\u0438", "\u044f\u0499\u044b\u0443\u0441\u044b", "\u0432\u0430\u04a1\u044b\u0442\u044b\u043d\u0434\u0430", "\u0438\u0436\u0430\u0434\u0438", "\u0438\u0436\u0430\u0434\u044b", "\u0431\u0438\u0440\u0435\u04af", "\u0431\u0430\u0448\u04a1\u043e\u0440\u0442\u043e\u0441\u0442\u0430\u043d\u0434\u044b\u04a3", "\u0431\u0430\u0448\u04a1\u043e\u0440\u0442\u043e\u0441\u0442\u0430\u043d", "\u0444\u0435\u0434\u0435\u0440\u0430\u043b\u044c"], ["\u0434\u00e6\u0440", "\u0430\u0446\u044b", "\u0438\u0440\u043e\u043d", "\u0434\u0437\u044b", "\u00e6\u043c\u00e6", "\u043a\u043e\u0434\u0442\u0430", "\u0444\u00e6\u043b\u00e6", "\u0444\u00e6\u0441\u0442\u00e6", "\u0444\u044b\u0446\u0446\u0430\u0433", "\u043a\u0443\u044b\u0434"], ["\u0443\u043b\u044b", "\u0442\u0443\u0440\u0430\u04bb\u044b\u043d\u0434\u0430", "\u0438\u0442\u0435\u04af", "\u0434\u043e\u043d\u044a\u044f", "\u0431\u0430\u043b\u0430\u043b\u0430\u0440", "\u0431\u0438\u043a", "\u0442\u04e9\u0440\u043b\u04e9", "\u043e\u0448\u043e", "\u0431\u0430\u0448\u04a1\u043e\u0440\u0442", "\u0431\u04af\u043b\u04d9\u043a"], ["\u043a\u04af\u043d\u0438", "\u0440\u04d9\u0438\u0441\u0438", "\u0435\u043b\u0438\u043f", "\u04d9\u043f\u04d9\u043d\u0434\u0438", "\u0431\u0438\u0440", "\u04bb\u043e\u049b\u0443\u049b", "\u043a\u0438\u0448\u0438\u043b\u0438\u043a", "\u04bb\u04e9\u043a\u04af\u043c\u0438\u0442\u0438", "\u0430\u043b\u0434\u0438\u0434\u0430", "\u0435\u043b\u0430\u043d"], ["\u0434\u00e6\u0440", "\u00e6\u043c\u00e6", "\u0438\u0440\u043e\u043d", "\u043a\u0443\u044b\u0434", "\u0430\u0446\u044b", "\u0444\u00e6\u043b\u00e6", "\u0441\u0442\u044b\u0440", "\u043a\u043e\u0434\u0442\u0430", "\u0445\u0430\u0442\u0442", "\u0444\u00e6\u0434\u044b\u043b"], ["\u0431\u0430\u043b\u0430\u043b\u0430\u0440", "\u0442\u04e9\u0440\u043b\u04e9", "\u0430\u0440\u0430\u04bb\u044b\u043d\u0434\u0430", "\u0442\u04d9\u04a1\u0434\u0438\u043c", "\u0445\u0430\u043b\u044b\u04a1", "\u043d\u0438\u0441\u0435\u043a", "\u04d9\u043b\u0435\u0433\u0435", "\u0438\u043a\u0435\u043d\u0441\u0435", "\u0432\u0430\u04a1\u044b\u0442\u0442\u0430", "\u0431\u0435\u0440\u0435\u043d\u0441\u0435"], ["\u0431\u04d9\u0440\u0433\u04d9\u043d", "\u0434\u04d9\u043f", "\u0448\u04d9\u04bb\u0438\u0440\u0438\u0434\u04d9", "\u0431\u0430\u0448", "\u04d9\u043f\u04d9\u043d\u0434\u0438", "\u0434\u0443\u043d\u044f", "\u04bb\u04e9\u043a\u04af\u043c\u0438\u0442\u0438", "\u0434\u04d9\u0440\u04bb\u0430\u043b", "\u043c\u0443\u043d\u0434\u0430\u049b", "\u04af\u0447\u04af\u043d"], ["\u043d\u0438\u0441\u0435\u043a", "\u04a1\u044b\u0499\u044b", "\u04e9\u0441\u04e9\u043d", "\u0442\u0430\u043f\u04a1\u044b\u0440", "\u0431\u0438\u043a", "\u0431\u0443\u043b\u044b\u043f", "\u0431\u0443\u043b\u0493\u0430\u043d", "\u0431\u044b\u043b", "\u0434\u043e\u043d\u044a\u044f", "\u0432\u0430\u04a1\u044b\u0442\u0442\u0430"], ["\u0440\u00e6\u0441\u0442\u00e6\u0434\u0436\u044b", "\u0434\u0437\u044b", "\u043a\u00e6\u0434", "\u0446\u00e6\u0433\u0430\u0442", "\u0446\u044b\u0434", "\u043d\u044b\u043d", "\u00e6\u0440\u0442\u00e6", "\u0445\u0430\u0442\u0442", "\u0444\u00e6\u0441\u0442\u00e6", "\u043d\u044b\u0440"], ["\u049b\u0438\u043b\u0434\u0438", "\u0430\u043c\u0435\u0440\u0438\u043a\u0430", "\u043d\u0438\u04a3", "\u0431\u0443\u043d\u0438\u04a3", "\u0434\u04d9\u043f", "\u0434\u04e9\u043b\u04d9\u0442", "\u0443\u043d\u0438\u04a3", "\u0442\u04d9\u043b\u04d9\u043f", "\u04af\u0447\u04af\u043d", "\u049b\u0438\u0441\u0438\u043c"], ["\u0435\u043b\u0438\u043f", "\u0434\u04d9\u0440\u04bb\u0430\u043b", "\u043c\u0443\u043d\u0434\u0430\u049b", "\u049b\u0430\u0440\u0438\u0448\u0438", "\u04bb\u043e\u049b\u0443\u049b", "\u0440\u04d9\u0438\u0441\u0438", "\u043a\u04e9\u0437", "\u04bb\u04e9\u0440\u043c\u04d9\u0442", "\u0442\u04d9\u0441\u0442\u0438\u049b\u043b\u0438\u043d\u0438\u0448\u0438", "\u049b\u0438\u043b\u0493\u0430\u043d"], ["\u1d04\u04bb\u1d0f", "\u043f\u04bb\u0251\u1d1c", "\u0455\u026a\u043f\u04bb", "\u1d04\u0251\u1d0f", "\u0442\u04bb\u1d07\u1d0f", "\u0261\u026a\u0251\u043f", "\u1d0d\u0251\u043f\u0261", "\u0442\u0251\u028f", "\u0566\u1d1c\u0251\u043f", "\u1d06\u0251\u043f\u0261"], ["\u0442\u043e\u0442\u043e\u043d\u043e\u0448\u043e\u043f", "\u043a\u04d9\u0447", "\u0442\u04d9\u0440\u0431\u0438\u04d9\u0441\u0435\u043b\u04d9\u0440", "\u043e\u0440\u043d\u0438\u0442\u0438\u043f", "\u0434\u043e\u043a\u043b\u0430\u0442\u049b\u0430", "\u0434\u04d9\u0432\u0440\u0438\u0434\u0438\u043d", "\u0442\u043e\u043f\u043b\u0430\u043c", "\u0434\u043b\u044f", "\u0430\u04a3\u043b\u0438\u0493\u0443\u0447\u0438\u043b\u0430\u0440", "\u043c\u043e\u04bb\u0442\u0430\u0497"], ["\u0442\u04af\u0440\u043a\u0438\u0441\u0442\u0430\u043d", "\u04d9\u043f\u04d9\u043d\u0434\u0438", "\u04bb\u04e9\u043a\u04af\u043c\u0438\u0442\u0438", "\u0435\u043b\u0430\u043d", "\u049b\u0438\u0440\u0493\u0438\u043d\u0447\u0438\u043b\u0438\u049b\u0438", "\u0431\u0430\u0448", "\u0442\u04d9\u0440\u0438\u043f\u0438\u0434\u0438\u043d", "\u0441\u0438\u0437", "\u0431\u04d9\u0440\u0433\u04d9\u043d", "\u0434\u04d9\u0440\u0438\u0497\u0438\u0434\u04d9"], ["\u04d9\u0440\u043c\u04d9\u043d", "\u0431\u0430\u0448\u0442\u0438\u043d", "\u0434\u04d9\u0440\u0438\u0497\u0438\u0441\u0438", "\u04d9\u0432\u04d9\u0442\u0438\u043f", "\u044f\u043f\u043e\u043d\u043b\u0430\u0440", "\u049b\u0438\u043b\u0441\u0430", "\u0442\u0435\u043c\u0438\u0441\u0438", "\u0442\u0440\u0430\u043d\u0441\u043f\u043e\u0440\u0442\u043d\u0430\u044f", "\u0448\u04d9\u0440\u049b\u049b\u04d9", "\u0441\u04d9\u043a\u043a\u0438\u0437"]],