{"coherence": 0.0006301281031831696, "teacher_coherence": 0.086625421297701, "top_tokens": [["\u0430\u0432\u0430\u0440\u0433\u0430", "\u0445\u04af\u0440\u044d\u043b", "\u043c\u0435\u0434\u0430\u043b\u044c", "\u0448\u0438\u0433\u0448\u044d\u044d", "\u0441\u0430\u0433\u0441\u0430\u043d", "\u0448\u0430\u043b\u0433\u0430\u0440\u0443\u0443\u043b\u0430\u0445", "\u0442\u044d\u043c\u0446\u044d\u044d\u043d", "\u043c\u04e9\u043d\u0433\u04e9\u043d", "\u0431\u0430\u0433", "\u043e\u043b\u0438\u043c\u043f\u044b\u043d"], ["\u0431\u04e9\u0433\u04e9\u04e9\u0434", "\u044d\u0441\u0432\u044d\u043b", "\u043a\u0430\u0431\u0435\u043b\u044c", "\u04e9\u043d\u0434\u04e9\u0440", "\u0442\u0443\u043b\u0434", "\u043c\u0430\u0448\u0438\u043d", "\u0438\u043b\u04af\u04af", "\u0442\u0443\u043b", "\u0442\u0430\u043d\u0434", "\u0431\u0438\u0434"], ["\u043c\u043e\u043d\u0433\u043e\u043b", "\u0443\u043b\u0441", "\u0443\u043b\u0441\u044b\u043d", "\u0434\u0430\u0445\u044c", "\u043e\u043d\u044b", "\u0431\u0430\u043d\u043a\u043d\u044b", "\u0434\u0430\u043d\u0441", "\u0445\u0443\u0443\u043b\u044c", "\u044d\u0440\u0445", "\u043e\u043d\u0434"], ["1931", "\u0442\u043e\u0433\u043b\u043e\u0433\u0447\u0434\u043e\u0434", "1946", "\u0431\u04af\u0440\u0434\u0434\u044d\u0433", "\u043e\u0440\u0443\u0443\u043b\u0430\u0430\u0434", "\u0448\u0430\u043b\u0433\u0443\u0443\u0440\u044b\u0433", "\u044f\u0432\u0434\u043b\u044b\u0433", "\u0445\u043e\u043b\u0431\u043e\u0433\u0434\u043b\u044b\u0433", "\u0444\u0440\u0430\u043d\u0446\u0430\u0434", "\u0436\u0443\u0443\u043b\u0447\u043d\u044b"], ["\u043a\u0430\u0431\u0435\u043b\u044c", "\u0445\u043e\u043e\u043b", "\u0445\u044d\u0442", "\u0437\u0430\u0440\u0438\u043c", "\u0445\u043e\u043e\u043b\u043d\u044b", "\u0430\u0440\u044c\u0441\u044b\u0433", "\u0442\u0430\u043d\u044b", "\u0443\u0442\u0430\u0441", "\u0431\u04af\u0442\u044d\u044d\u0433\u0434\u044d\u0445\u04af\u04af\u043d", "\u0446\u0430\u0445\u0438\u043b\u0433\u0430\u0430\u043d"], ["\u0434\u044d\u044d\u0440", "\u0430\u0432\u0430\u0445", "\u0431\u043e\u043b\u043e\u043d", "\u0434\u0430\u043d\u0441", "\u0445\u044d\u0440\u0445\u044d\u043d", "\u043e\u043b\u043e\u043d", "\u0431\u0430\u043d\u043a\u043d\u044b", "\u0434\u0430\u0445\u044c", "\u044d\u043d\u044d", "\u0431\u0438\u0434"], ["\u0445\u04af\u043d", "\u0442\u044d\u0440", "\u0433\u044d\u0434\u044d\u0433", "\u0448\u0438\u0433", "\u04af\u0435\u0434", "\u0431\u0430\u0441", "\u0433\u044d\u0436", "\u043d\u044d\u0433", "\u0441\u044d\u0442\u0433\u044d\u043b", "\u0433\u044d\u0441\u044d\u043d"], ["\u0431\u0438\u0435", "\u0445\u043e\u043e\u043b\u043d\u044b", "\u0445\u04af\u04af\u0445\u044d\u0434", "\u0442\u0430\u043d\u044b\u0433", "\u0445\u043e\u043e\u043b", "\u0437\u04e9\u0432", "\u0442\u0443\u0441\u043b\u0430\u0445", "\u044d\u0440\u04af\u04af\u043b", "\u0431\u04af\u04af", "\u0445\u04af\u043d\u0441"], ["\u0434\u0443\u0433\u0430\u0430\u0440", "\u0445\u0430\u043c\u0442\u0440\u0430\u043d", "\u0434\u0430\u0440\u0433\u0430", "\u0434\u04af\u0433\u044d\u044d\u0440", "\u044d\u044d\u043b\u0436\u0438\u0442", "\u0430\u0441\u0443\u0443\u0434\u043b\u0430\u0430\u0440", "\u0445\u043e\u043b\u0431\u043e\u0433\u0434\u0443\u0443\u043b\u0430\u043d", "\u0430\u0436\u0438\u043b\u043b\u0430\u0433\u0430\u0430\u0433", "\u0445\u044d\u043c\u0436\u044d\u044d\u043d\u0434", "\u0437\u0430\u043c\u044b\u043d"], ["\u0430\u0443\u0434\u0438\u0442\u044b\u043d", "\u0437\u0430\u0445\u0438\u0440\u0433\u0430\u0430\u043d\u044b", "\u0442\u043e\u0434", "\u0437\u0430\u0441\u0430\u0433", "\u0441\u043e\u043d\u0433\u043e\u043d", "\u0430\u043b\u0431\u0430\u043d", "\u0437\u0430\u0440", "\u0434\u0430\u0440\u0433\u044b\u043d", "\u0433\u043e\u043c\u0434\u043e\u043b", "\u0445\u044d\u043b\u0442\u044d\u0441"], ["\u0443\u043b\u0441\u044b\u043d", "bank", "\u043e\u043d\u044b", "\u0431\u0430\u043d\u043a\u043d\u044b", "\u043c\u043e\u043d\u0433\u043e\u043b", "\u0434\u0430\u043d\u0441", "\u0434\u0430\u0445\u044c", "\u0443\u043b\u0430\u0430\u043d\u0431\u0430\u0430\u0442\u0430\u0440", "\u0434\u0430\u043d\u0441\u043d\u044b", "\u0434\u0430\u0440\u0433\u0430"], ["\u0446\u0430\u0433", "\u0437\u0430\u0440\u0438\u043c", "\u0442\u0430\u043d\u044b", "\u0433\u044d\u0441\u044d\u043d", "\u043c\u0430\u0448", "\u0431\u0438\u0435", "\u044f\u043c\u0430\u0440", "\u044d\u043d\u044d", "\u0434\u0430\u0440\u0430\u0430\u0445", "\u0431\u043e\u043b"], ["\u0446\u0430\u0445\u0438\u043b\u0433\u0430\u0430\u043d", "\u0442\u043e\u043d\u043e\u0433", "\u043c\u0435\u0442\u0430\u043b\u043b", "\u0445\u04e9\u043d\u0433\u04e9\u043d", "led", "\u043c\u0430\u0448\u0438\u043d", "\u0437\u0430\u0445\u0438\u0430\u043b\u0433\u0430\u0442", "\u043c\u0430\u0448\u0438\u043d\u044b", "\u0433\u0430\u043b\u044b\u043d", "\u0443\u0441\u043d\u044b"], ["\u0430\u0436\u0438\u043b\u043b\u0430\u043d\u0430", "\u044d\u0445\u044d\u043b\u043b\u044d\u044d", "new", "var", "\u0437\u04e9\u0432\u043b\u04e9\u0433\u04e9\u04e9\u043d", "\u04af\u0437\u044d\u0441\u0433\u044d\u043b\u044d\u043d", "\u0433\u044d\u043c", "\u0441\u0443\u0443\u0440\u0438\u043d", "\u0434\u044d\u043b\u0433\u044d\u0446\u043d\u044d\u044d", "\u0433\u044d\u0432"], ["\u043a\u043e\u043b\u0443\u043c\u0431\u044b\u043d", "\u0430\u0440\u043b\u0443\u0443\u0434\u044b\u043d", "1946", "\u0433\u0440\u0443\u043f\u043f", "\u0445\u0430\u043c\u0440\u0430\u0433\u0434\u0430\u0445", "\u0448\u0430\u043b\u0433\u0443\u0443\u0440\u044b\u0433", "2006", "\u043d\u044c\u044e", "\u044d\u043b\u0441\u044d\u0445", "\u0430\u0441\u0443\u0443\u043b\u0433\u0430"], ["\u0442\u0430\u043d\u0438\u043b", "\u043e\u043b\u043d\u044b", "\u0446\u044d\u0446\u044d\u0433", "\u0431\u0430\u044f\u0440\u043b\u0430\u043b\u0430\u0430", "\u043d\u044d\u0440\u044d\u044d\u0440", "\u0431\u04af\u0442\u044d\u044d\u043b", "\u043d\u04e9\u0445\u04e9\u0440", "\u0434\u044d\u044d", "1946", "\u0433\u044d\u043d\u044d"], ["\u0433\u044d\u0436", "\u044d\u043d\u044d", "\u043d\u044d\u0433", "\u0431\u043e\u043b", "\u043e\u043b\u043e\u043d", "\u0443\u043b\u0441", "\u0445\u0443\u0432\u044c\u0434", "\u0433\u044d\u0441\u044d\u043d", "\u0434\u0430\u0445\u044c", "\u0434\u0430\u043d\u0441"], ["\u0443\u0440\u0430\u043d", "\u043c\u0438\u043d\u044c", "\u0437\u0430\u043b\u0443\u0443", "\u044d\u044d\u0436", "\u0442\u044d\u0440", "\u043e\u0445\u0438\u043d", "\u0430\u0430\u0432", "\u0445\u04af\u04af", "\u043d\u043e\u043c\u044b\u043d", "\u0445\u044d\u043c\u044d\u044d\u043d"], ["\u0437\u0430\u0445\u0438\u0440\u0433\u0430\u0430\u043d\u044b", "\u0437\u0430\u0441\u0430\u0433", "\u0430\u0443\u0434\u0438\u0442\u044b\u043d", "\u0436\u0443\u0440\u0430\u043c", "\u0442\u043e\u0434", "\u0430\u0436\u043b\u044b\u043d", "\u0442\u0430\u043d\u0438\u043b\u0446\u0443\u0443\u043b\u0433\u0430", "\u0430\u043b\u0431\u0430", "\u0430\u0436\u0438\u043b\u043b\u0430\u0433\u0430\u0430\u043d\u044b", "\u0448\u0430\u0442\u043d\u044b"], ["\u0448\u0443\u0433\u0430\u043c\u0430\u0430\u0440", "\u0441\u0443\u0440\u0442\u0430\u043b\u0447\u0438\u043b\u0433\u0430\u0430\u0433", "1931", "\u0433\u0430\u0437\u0440\u0443\u0443\u0434", "\u0447\u04e9\u043b\u04e9\u04e9\u0433", "\u043a\u043e\u043b\u0443\u043c\u0431\u044b\u043d", "\u0441\u0430\u0445\u0438\u0441\u0430\u043d", "\u0445\u043e\u0442\u0443\u0443\u0434\u0430\u0434", "\u0430\u0441\u0443\u0443\u043b\u0433\u0430", "\u0430\u0440\u043b\u0443\u0443\u0434\u044b\u043d"]],