{"coherence": 0.04059227010253359, "teacher_coherence": 0.086625421297701, "top_tokens": [["\u0679\u06cc\u0645", "\u067e\u0627\u06a9\u0633\u062a\u0627\u0646", "\u062e\u0627\u0646", "\u0627\u0639\u0638\u0645", "\u062e\u0644\u0627\u0641", "\u0639\u0645\u0631\u0627\u0646", "\u0642\u0648\u0645\u06cc", "\u06a9\u06c1\u0627", "\u0633\u0627\u0628\u0642", "\u062c\u0627\u0646\u0628"], ["\u0627\u0644\u0644\u06c1", "\u062a\u06be\u0627", "\u062a\u06be\u06d2", "\u0646\u06c1\u06cc\u06ba", "\u0639\u0644\u06cc", "\u0627\u067e\u0646\u06d2", "\u0645\u062d\u0645\u062f", "\u062e\u0627\u0646", "\u0627\u067e\u0646\u06cc", "\u0646\u0627\u0645"], ["\u0627\u0644\u0644\u06c1", "\u0646\u06c1\u06cc\u06ba", "\u0632\u0646\u062f\u06af\u06cc", "\u0627\u0633\u06cc", "\u0645\u062d\u0645\u062f", "\u06a9\u0686\u06be", "\u0627\u067e\u0646\u06cc", "\u06c1\u0648\u06ba", "\u0627\u067e\u0646\u06d2", "\u067e\u06be\u0631"], ["\u062a\u06cc\u0646", "\u0632\u06cc\u0627\u062f\u06c1", "\u06c1\u0648\u062a\u0627", "\u0628\u06c1\u062a", "\u06c1\u0648\u06ba", "\u062f\u06cc\u06ba", "\u062f\u0648\u0631\u0627\u0646", "\u0627\u06af\u0631", "\u0633\u06a9\u062a\u06d2", "\u0627\u0639\u0644\u0627\u0646"], ["\u06a9\u0631\u0646\u06d2", "\u0644\u06cc\u06d2", "\u06a9\u0631\u06cc\u06ba", "\u0627\u0633\u062a\u0639\u0645\u0627\u0644", "\u0627\u06cc\u0633", "\u0633\u06a9\u062a\u06d2", "\u0633\u0627\u062a\u06be", "\u0645\u062f\u062f", "\u06a9\u0627\u0645", "\u0636\u0631\u0648\u0631\u062a"], ["\u06a9\u0631\u06cc\u06ba", "\u0644\u06cc\u06d2", "\u06a9\u0631\u0646\u06d2", "\u06a9\u0631\u062a\u0627", "\u0627\u0633\u062a\u0639\u0645\u0627\u0644", "\u0633\u06a9\u062a\u0627", "\u0633\u0627\u062a\u06be", "\u0628\u0627\u0631\u06d2", "\u0637\u0648\u0631", "\u0637\u0631\u062d"], ["\u062d\u06a9\u0648\u0645\u062a", "\u06af\u06cc\u0627", "\u067e\u0627\u06a9\u0633\u062a\u0627\u0646", "\u0627\u06cc\u0645", "\u0645\u0644\u06a9", "\u0633\u0627\u0644", "\u062c\u0627\u0631\u06cc", "\u0648\u0632\u06cc\u0631", "\u0639\u0627\u0644\u0645\u06cc", "\u062e\u062a\u0645"], ["\u062c\u0627\u062a\u0627", "\u06c1\u0648\u062a\u06cc", "\u0632\u06cc\u0627\u062f\u06c1", "\u06c1\u0648\u062a\u0627", "\u0627\u0633\u062a\u0639\u0645\u0627\u0644", "\u0628\u06c1\u062a", "\u0648\u062c\u06c1", "\u0646\u06c1\u06cc\u06ba", "\u0627\u0633\u06d2", "\u0644\u06cc\u06a9\u0646"], ["\u0648\u0632\u06cc\u0631", "\u062d\u06a9\u0648\u0645\u062a", "\u06a9\u06c1\u0627", "\u0639\u0645\u0631\u0627\u0646", "\u062e\u0627\u0646", "\u0645\u0644\u06a9", "\u067e\u0648\u0644\u06cc\u0633", "\u0635\u062f\u0631", "\u062e\u0644\u0627\u0641", "\u067e\u0627\u06a9\u0633\u062a\u0627\u0646"], ["\u0627\u0633\u062a\u0639\u0645\u0627\u0644", "\u0644\u06cc\u06d2", "\u06a9\u0631\u06cc\u06ba", "\u06a9\u0631\u0646\u06d2", "\u0627\u06cc\u0633", "\u0633\u06a9\u062a\u06d2", "\u06a9\u0631\u062a\u0627", "\u0628\u0627\u0631\u06d2", "\u0648\u0627\u0644\u06cc", "\u0632\u06cc\u0627\u062f\u06c1"], ["\u067e\u0648\u0644\u06cc\u0633", "\u062e\u0644\u0627\u0641", "\u0627\u0641\u0631\u0627\u062f", "\u062c\u0627\u0646\u0628", "\u06a9\u06c1\u0627", "\u06af\u06cc\u0627", "\u0648\u0632\u06cc\u0631", "\u0627\u0646\u06c1\u0648\u06ba", "\u0627\u06cc\u0645", "\u062f\u0648\u0631\u0627\u0646"], ["\u0644\u06cc\u06d2", "\u06a9\u0631\u0646\u06d2", "\u0637\u0648\u0631", "\u0633\u06a9\u062a\u06d2", "\u0627\u067e\u0646\u06cc", "\u0632\u06cc\u0627\u062f\u06c1", "\u0637\u0631\u062d", "\u0627\u067e\u0646\u06d2", "\u06a9\u0686\u06be", "\u0646\u06c1\u06cc\u06ba"], ["\u0644\u06cc\u06d2", "\u06a9\u0631\u06cc\u06ba", "\u0627\u0633\u062a\u0639\u0645\u0627\u0644", "\u06a9\u0631\u0646\u06d2", "\u0627\u067e\u0646\u06d2", "\u0633\u06a9\u062a\u06d2", "\u0633\u0627\u062a\u06be", "\u06a9\u0631\u062a\u0627", "\u062d\u0627\u0635\u0644", "\u0637\u0648\u0631"], ["\u0646\u06c1\u06cc\u06ba", "\u0637\u0631\u062d", "\u06a9\u0631\u062a\u0627", "\u0627\u06af\u0631", "\u06a9\u0631\u0646\u06d2", "\u0633\u06a9\u062a\u06d2", "\u0644\u06cc\u06d2", "\u0627\u067e\u0646\u06cc", "\u06a9\u0631\u06cc\u06ba", "\u0644\u06cc\u06a9\u0646"], ["\u0628\u06c1\u062a", "\u0632\u06cc\u0627\u062f\u06c1", "\u06c1\u0648\u062a\u0627", "\u062a\u06cc\u0646", "\u06c1\u0648\u06ba", "\u062f\u06cc\u06ba", "\u062f\u0648\u0631\u0627\u0646", "\u0627\u06af\u0631", "\u06c1\u0648\u06af\u0627", "\u0628\u0691\u06d2"], ["\u062c\u0627\u0646\u06d2", "\u0645\u0648\u062c\u0648\u062f", "\u0644\u0648\u06af", "\u0648\u0627\u0644\u0627", "\u062f\u0648\u0633\u0631\u06cc", "\u062a\u06cc\u0627\u0631", "\u0646\u0638\u0631", "\u0645\u062e\u062a\u0644\u0641", "\u06a9\u0648\u0634\u0634", "\u062e\u0648\u062f"], ["\u0627\u0644\u0644\u06c1", "\u0646\u06c1\u06cc\u06ba", "\u067e\u06be\u0631", "\u06a9\u0633\u06cc", "\u062a\u0645\u0627\u0645", "\u0627\u067e\u0646\u06d2", "\u0632\u0646\u062f\u06af\u06cc", "\u06af\u06be\u0631", "\u0645\u062d\u0645\u062f", "\u062a\u06be\u0627"], ["\u062e\u0627\u0646", "\u0639\u0645\u0631\u0627\u0646", "\u06a9\u06c1\u0627", "\u067e\u0627\u06a9\u0633\u062a\u0627\u0646", "\u0633\u0627\u0628\u0642", "\u062a\u06be\u0627", "\u0635\u062f\u0631", "\u0679\u06cc\u0645", "\u0627\u0646\u06c1\u0648\u06ba", "\u062e\u0644\u0627\u0641"], ["\u0628\u0627\u062f", "\u06c1\u0648\u06af\u0627", "\u0639\u0644\u06cc", "\u06a9\u0631\u062f\u06cc\u0627", "\u062f\u0648\u0633\u0631\u06cc", "\u062a\u06cc\u0627\u0631", "\u0645\u06cc\u0688\u06cc\u0627", "\u0645\u062d\u0645\u062f", "\u0628\u06be\u0631", "\u062a\u0631\u06cc\u0646"], ["\u0648\u062c\u06c1", "\u06c1\u0648\u062a\u06cc", "\u06c1\u0648\u062a\u0627", "\u0627\u0633\u062a\u0639\u0645\u0627\u0644", "\u062c\u0627\u062a\u0627", "\u0648\u0627\u0644\u06cc", "\u0645\u0637\u0627\u0628\u0642", "\u0627\u0641\u0631\u0627\u062f", "\u0645\u0648\u062c\u0648\u062f", "\u0628\u06be\u0631"]], "teacher_top_tokens": [["league", "game", "players", "football", "win", "season", "player", "games", "ball", "team"], ["god", "love", "would", "life", "books", "book", "story", "really", "think", "know"], ["get", "people", "time", "like", "one", "want", "make", "need", "know", "many"], ["root", "calendar", "neck", "mail", "drawing", "rating", "hosting", "additionally", "artificial", "bars"], ["data", "download", "windows", "use", "app", "file", "web", "android", "using", "files"], ["data", "business", "marketing", "customer", "management", "digital", "team", "software", "customers", "work"], ["tax", "market", "insurance", "estate", "property", "credit", "investment", "financial", "investors", "trading"], ["skin", "hair", "dog", "may", "water", "also", "body", "treatment", "health", "weight"], ["government", "said", "police", "climate", "president", "political", "global", "economic", "state", "countries"], ["steel", "design", "shipping", "products", "delivery", "metal", "material", "product", "wood", "equipment"], ["students", "school", "education", "student", "schools", "university", "children", "health", "teachers", "college"], ["business", "get", "make", "marketing", "time", "need", "help", "people", "want", "one"], ["game", "games", "gaming", "download", "players", "also", "online", "use", "windows", "best"], ["love", "recipe", "chocolate", "chicken", "cake", "cheese", "make", "cream", "cook", "baking"], ["calendar", "feed", "shoes", "bars", "bear", "hearing", "agent", "chair", "journal", "boxes"], ["hotel", "beach", "tour", "park", "located", "island", "city", "travel", "trip", "beautiful"], ["chicken", "recipe", "love", "chocolate", "cheese", "baking", "cook", "sauce", "cream", "butter"], ["film", "god", "music", "first", "back", "would", "man", "movie", "story", "said"], ["chair", "calendar", "mail", "bars", "japan", "motion", "pocket", "boxes", "shoes", "agent"], ["skin", "may", "treatment", "also", "water", "hair", "health", "dog", "blood", "help"]], "diversity": 0.44, "teacher_diversity": 0.74, "cls": -0.0263559278100729, "cross_lingual_toptoken_similarity": 0.42854820787906645, "dataset": "news", "embedding_method": "Pre-trained embeddings", "model": "GMM", "topic_method": "tf", "language": "indonesian", "dataset_length": 1000, "average_document_length": 30.0, "vocab_size": 3093,