{"coherence": -0.1407701925010644, "teacher_coherence": 0.0655640667302194, "top_tokens": [["\u0930\u092e", "actor", "ramesh", "stage", "\u0939\u0930\u0932", "balapure", "determination", "save", "time", "browser"], ["determination", "balapure", "\u0939\u0930\u0932", "stage", "ramesh", "actor", "\u0930\u092e", "\u0936\u0915\u0924", "\u0906\u092a\u0932", "name"], ["\u0906\u092a\u0923", "marathi", "\u0930\u092e", "\u0915\u0930\u0924", "actor", "save", "ramesh", "website", "time", "stage"], ["marathi", "\u0930\u092e", "actor", "ramesh", "stage", "\u0939\u0930\u0932", "balapure", "determination", "save", "time"], ["\u0906\u092a\u0932", "determination", "balapure", "\u0936\u0915\u0924", "\u0939\u0930\u0932", "stage", "\u0915\u0930\u0923", "ramesh", "actor", "\u0930\u092e"], ["marathi", "\u0930\u092e", "actor", "ramesh", "stage", "\u0939\u0930\u0932", "balapure", "\u0906\u092a\u0923", "determination", "\u0915\u0930\u0924"], ["determination", "balapure", "\u0939\u0930\u0932", "stage", "ramesh", "actor", "\u0930\u092e", "email", "\u0906\u092a\u0932", "next"], ["determination", "balapure", "\u0936\u0915\u0924", "\u0939\u0930\u0932", "stage", "\u0906\u092a\u0932", "ramesh", "actor", "\u0930\u092e", "\u0915\u0930\u0923"], ["\u0930\u092e", "actor", "ramesh", "stage", "\u0939\u0930\u0932", "balapure", "determination", "email", "\u0915\u0930\u0924", "\u0936\u0915\u0924"], ["determination", "balapure", "\u0939\u0930\u0932", "stage", "ramesh", "actor", "\u0930\u092e", "\u0906\u092a\u0932", "\u0915\u0930\u0923", "\u0936\u0915\u0924"], ["marathi", "save", "time", "\u0930\u092e", "browser", "comment", "actor", "email", "\u0906\u092a\u0923", "next"], ["marathi", "\u0930\u092e", "actor", "ramesh", "stage", "\u0939\u0930\u0932", "balapure", "determination", "time", "\u0906\u092a\u0923"], ["marathi", "\u0906\u092a\u0923", "website", "email", "next", "browser", "save", "comment", "time", "\u0906\u092a\u0932"], ["\u0906\u092a\u0932", "determination", "\u0936\u0915\u0924", "balapure", "\u0939\u0930\u0932", "stage", "ramesh", "\u0915\u0930\u0923", "actor", "comment"], ["determination", "balapure", "\u0939\u0930\u0932", "stage", "ramesh", "actor", "\u0930\u092e", "\u0906\u092a\u0932", "comment", "\u0915\u0930\u0923"], ["marathi", "\u0906\u092a\u0923", "\u0930\u092e", "time", "actor", "ramesh", "save", "stage", "\u0915\u0930\u0924", "browser"], ["\u0906\u092a\u0932", "website", "\u0906\u092a\u0923", "\u0936\u0915\u0924", "comment", "next", "\u0915\u0930\u0923", "email", "browser", "name"], ["determination", "balapure", "\u0939\u0930\u0932", "stage", "ramesh", "actor", "\u0930\u092e", "\u0906\u092a\u0932", "\u0936\u0915\u0924", "email"], ["\u0906\u092a\u0923", "\u0936\u0915\u0924", "\u0915\u0930\u0924", "\u0906\u092a\u0932", "website", "next", "\u0915\u0930\u0923", "comment", "browser", "save"], ["\u0906\u092a\u0923", "marathi", "email", "\u0915\u0930\u0923", "\u0936\u0915\u0924", "\u0906\u092a\u0932", "\u0915\u0930\u0924", "website", "comment", "next"]], "teacher_top_tokens": [["steel", "design", "material", "metal", "unit", "equipment", "shipping", "products", "power", "product"], ["tour", "beach", "hotel", "park", "city", "located", "travel", "beautiful", "island", "trip"], ["use", "app", "new", "data", "online", "download", "get", "using", "also", "need"], ["skin", "water", "may", "hair", "also", "weight", "treatment", "dog", "help", "blood"], ["calendar", "memory", "self", "hearing", "2012", "podcast", "bear", "mouth", "tickets", "shoes"], ["recipe", "chicken", "chocolate", "cheese", "cream", "sauce", "cake", "add", "ingredients", "love"], ["government", "president", "economic", "said", "political", "china", "police", "military", "state", "climate"], ["film", "god", "music", "man", "first", "song", "church", "said", "album", "story"], ["health", "patients", "may", "insurance", "blood", "medical", "treatment", "cancer", "people", "risk"], ["anxiety", "calendar", "agent", "feed", "personality", "error", "logo", "2012", "journal", "recording"], ["students", "business", "school", "work", "learning", "skills", "student", "education", "help", "training"], ["love", "recipe", "make", "great", "chicken", "cake", "like", "chocolate", "baking", "recipes"], ["love", "like", "really", "would", "god", "one", "time", "know", "think", "books"], ["game", "players", "games", "player", "season", "win", "league", "football", "sports", "first"], ["shoes", "agent", "mail", "hearing", "calendar", "boxes", "feed", "fitness", "license", "agents"], ["also", "best", "need", "get", "may", "help", "make", "water", "one", "use"], ["business", "need", "use", "data", "get", "want", "make", "new", "online", "also"], ["management", "students", "development", "education", "support", "global", "projects", "technology", "project", "research"], ["use", "data", "new", "get", "app", "also", "need", "online", "business", "best"], ["people", "like", "life", "time", "god", "school", "would", "know", "get", "students"]], "diversity": 0.105, "teacher_diversity": 0.695, "cls": -0.03566781058907509, "cross_lingual_toptoken_similarity": 0.387101249396801, "dataset": "news", "embedding_method": "Pre-trained embeddings", "model": "GMM", "topic_method": "tf", "language": "indonesian", "dataset_length": 35413, "average_document_length": 9.0, "vocab_size": 3093, "embedding_model": "BERT", "training_time": 1630.9953634738922}