{"coherence": 0.030410444880449732, "teacher_coherence": 0.086625421297701, "top_tokens": [["\u043c\u043e\u043d\u0433\u043e\u043b\u044b\u043d", "\u0443\u043b\u0441", "\u043c\u043e\u043d\u0433\u043e\u043b", "\u0443\u043b\u0441\u044b\u043d", "\u0442\u0443\u0441", "\u0431\u0443\u044e\u0443", "\u0431\u043e\u043b\u0441\u043e\u043d", "\u04e9\u043d\u04e9\u04e9\u0434\u04e9\u0440", "\u043e\u043d\u0434", "\u0431\u0443\u0441\u0430\u0434"], ["\u0433\u044d\u0436", "\u0442\u044d\u0440", "\u0445\u04af\u043d", "\u043d\u044d\u0433", "\u0431\u043e\u043b", "\u0436\u0438\u043b", "\u0443\u043b\u0441", "\u0431\u043e\u043b\u0441\u043e\u043d", "\u0433\u044d\u044d\u0434", "\u0433\u044d\u0434\u044d\u0433"], ["\u044d\u043d\u044d", "\u0433\u044d\u0436", "\u0431\u043e\u043b", "\u0434\u044d\u044d\u0440", "\u0442\u0430\u043d\u044b", "\u043d\u044d\u0433", "\u0431\u04af\u0445", "\u0431\u04e9\u0433\u04e9\u04e9\u0434", "\u0442\u044d\u0440", "\u0442\u0443\u043b\u0434"], ["\u043c\u044d\u0442", "\u0447\u0443\u0445\u0430\u043b", "\u0431\u0443\u0441\u0430\u0434", "\u0445\u0443\u0433\u0430\u0446\u0430\u0430\u043d\u0434", "\u0431\u043e\u043b\u043d\u043e", "\u0430\u0436\u0438\u043b\u043b\u0430\u0436", "\u0431\u04af\u0440\u044d\u043d", "\u0431\u0438\u043b\u044d\u044d", "2023", "\u0431\u0443\u0441"], ["\u0443\u043b\u0441\u0430\u0434", "\u043e\u043b\u043e\u043d", "\u0445\u0443\u0432\u044c\u0434", "\u0434\u0430\u0445\u044c", "\u0441\u0430\u043d\u0430\u043b", "\u0442\u0430\u043b\u0430\u0430\u0440", "\u0443\u043b\u0441\u044b\u043d", "\u0431\u0438\u0434", "\u044d\u0441\u0432\u044d\u043b", "\u043c\u044d\u0434\u044d\u044d\u043b\u044d\u043b"], ["\u0443\u043b\u0441\u044b\u043d", "\u0430\u0436\u0438\u043b\u043b\u0430\u0433\u0430\u0430\u043d\u044b", "\u0445\u0443\u0443\u043b\u044c", "\u0430\u0436\u043b\u044b\u043d", "\u043c\u044d\u0434\u044d\u044d\u043b\u044d\u043b", "\u044d\u0440\u0445", "\u0430\u043b\u0431\u0430\u043d", "\u0430\u0440\u0433\u0430", "\u0433\u0430\u0437\u0440\u044b\u043d", "\u0431\u043e\u043b\u043e\u043d"], ["\u0443\u043b\u0441\u044b\u043d", "\u0434\u0430\u0445\u044c", "\u0443\u043b\u0441", "\u043c\u043e\u043d\u0433\u043e\u043b", "\u0445\u0443\u0432\u044c\u0434", "\u043e\u043d\u044b", "\u0442\u0430\u043b\u0430\u0430\u0440", "\u043e\u043b\u043e\u043d", "\u0441\u0430\u044f", "\u043e\u043d\u0434"], ["\u0442\u0430\u043d\u044b", "\u0431\u0438\u0435", "\u044d\u0440\u04af\u04af\u043b", "\u0445\u044d\u0440\u0445\u044d\u043d", "\u043c\u0430\u0448", "\u043d\u044d\u0433", "\u044d\u043d\u044d", "\u0431\u043e\u043b", "\u0445\u0443\u0433\u0430\u0446\u0430\u0430\u043d\u0434", "\u0437\u0430\u0440\u0438\u043c"], ["\u0443\u043b\u0441\u044b\u043d", "\u043c\u043e\u043d\u0433\u043e\u043b", "\u043e\u043d\u044b", "\u043e\u043d\u0434", "\u0433\u0430\u0437\u0440\u044b\u043d", "\u0434\u0443\u0433\u0430\u0430\u0440", "\u0441\u0430\u0440\u044b\u043d", "\u0443\u043b\u0441", "\u0442\u0443\u0441", "\u0433\u0430\u0437\u0430\u0440"], ["\u04e9\u043d\u0434\u04e9\u0440", "\u044d\u0441\u0432\u044d\u043b", "\u0442\u0443\u043b\u0434", "\u0431\u04e9\u0433\u04e9\u04e9\u0434", "\u0431\u0443\u0441\u0430\u0434", "\u0431\u0438\u0434", "\u0431\u043e\u043b\u043e\u043d", "\u04e9\u04e9\u0440", "\u0434\u0430\u0445\u044c", "\u0438\u043b\u04af\u04af"], ["\u0437\u043e\u0445\u0438\u043e\u043d", "\u0434\u0430\u0440\u0433\u0430", "\u0437\u0430\u0441\u0430\u0433", "\u0430\u0436\u0438\u043b\u043b\u0430\u0433\u0430\u0430\u043d\u044b", "\u0430\u043b\u0431\u0430\u043d", "\u0433\u0430\u0437\u0440\u044b\u043d", "\u0430\u0436\u043b\u044b\u043d", "\u0445\u0443\u0443\u043b\u044c", "\u0443\u043b\u0441\u044b\u043d", "\u043e\u0440\u043e\u043d"], ["\u044d\u043d\u044d", "\u0434\u044d\u044d\u0440", "\u0431\u043e\u043b", "\u0433\u044d\u0436", "\u0431\u043e\u043b\u043e\u043d", "\u043d\u044d\u0433", "\u0448\u0438\u043d\u044d", "\u0445\u04af\u043b\u044d\u044d\u043d", "\u0442\u044d\u0440", "\u043d\u044d\u0433\u044d\u043d"], ["\u0434\u044d\u044d\u0440", "\u0431\u043e\u043b", "\u044d\u043d\u044d", "\u0442\u0430\u043d\u044b", "\u0431\u04e9\u0433\u04e9\u04e9\u0434", "\u0433\u044d\u0436", "\u0445\u044d\u0440\u0445\u044d\u043d", "\u0430\u0432\u0430\u0445", "\u0431\u043e\u043b\u043e\u043d", "\u043d\u044d\u0433"], ["\u044d\u043d\u044d", "\u0431\u043e\u043b", "\u0433\u044d\u0436", "\u0431\u04e9\u0433\u04e9\u04e9\u0434", "\u0434\u044d\u044d\u0440", "\u043d\u044d\u0433", "\u044d\u0441\u0432\u044d\u043b", "\u0442\u0430\u043d\u044b", "\u044f\u043c\u0430\u0440", "\u0433\u044d\u0441\u044d\u043d"], ["\u0437\u0430\u0441\u0430\u0433", "\u0431\u043e\u043b\u043d\u043e", "\u0434\u0430\u0433\u0443\u0443", "\u0431\u0438\u043b\u044d\u044d", "2023", "\u0431\u04af\u0440\u044d\u043d", "\u0430\u0436\u0438\u043b\u043b\u0430\u0433\u0430\u0430\u043d\u044b", "\u0430\u0436\u0438\u043b\u043b\u0430\u0445", "\u04af\u043d\u0434\u0441\u044d\u043d", "\u0431\u0443\u0441\u0430\u0434"], ["\u044f\u043c\u0430\u0440", "\u0433\u044d\u0436", "\u043c\u044d\u0442", "\u0448\u0438\u043d\u044d", "\u0442\u044d\u0440", "\u0431\u04af\u0445", "\u04e9\u04e9\u0440", "\u0431\u04e9\u0433\u04e9\u04e9\u0434", "\u043d\u044d\u0433", "\u0431\u043e\u043b"], ["\u0442\u0430\u043d\u044b", "\u0446\u0430\u0433", "\u0431\u043e\u043b", "\u043c\u0430\u0448", "\u0438\u043b\u04af\u04af", "\u0434\u044d\u044d\u0440", "\u0431\u04e9\u0433\u04e9\u04e9\u0434", "\u044f\u043c\u0430\u0440", "\u0445\u044d\u0440\u0445\u044d\u043d", "\u0433\u044d\u0441\u044d\u043d"], ["\u0443\u043b\u0441", "\u0445\u04af\u043d", "\u0431\u043e\u043b\u0441\u043e\u043d", "\u0433\u044d\u0436", "\u0447\u0443\u0445\u0430\u043b", "\u04e9\u043c\u043d\u04e9", "\u043c\u044d\u0442", "\u0436\u0438\u043b", "\u0448\u0438\u043d\u044d", "\u04af\u0435\u0434"], ["2023", "\u04e9\u0434\u04e9\u0440", "\u0446\u0430\u0445\u0438\u043c", "\u043c\u044d\u0434\u044d\u044d\u043b\u044d\u043b", "\u0434\u0430\u0433\u0443\u0443", "\u0430\u0436\u043b\u044b\u043d", "\u0434\u0430\u0445\u044c", "\u0430\u0436\u0438\u043b\u043b\u0430\u0433\u0430\u0430\u043d\u044b", "\u0443\u043b\u0441\u0430\u0434", "\u0445\u0443\u0432\u044c\u0434"], ["\u0442\u0430\u043d\u044b", "\u043c\u0430\u0448", "\u0431\u0438\u0435", "\u0445\u044d\u0440\u0445\u044d\u043d", "\u044d\u0440\u04af\u04af\u043b", "\u0437\u0430\u0440\u0438\u043c", "\u0442\u0443\u043b\u0434", "\u04af\u0435\u0434", "\u0431\u0430\u0433\u0430", "\u0431\u043e\u043b\u043e\u043d"]],