{"coherence": -0.361945822065956, "teacher_coherence": 0.0655640667302194, "top_tokens": [["\u0431\u0438\u043b\u04d9\u043d", "\u0441\u04e9\u0437", "\u0434\u0443", "\u0448\u0430\u04a3\u0440\u0438\u043b\u0430", "\u0435\u049b\u0438\u043d\u049b\u0438", "\u0445\u0438\u0442\u0430\u0438", "\u0431\u0438\u0437", "\u0438\u043a\u043a\u0438", "\u043e\u0442\u0442\u0443\u0440\u0438\u0441\u0438\u0434\u0438\u043a\u0438", "\u0493\u0443\u0440"], ["\u0445\u0438\u0442\u0430\u0438", "\u0443\u0438", "\u0431\u0438\u043b\u04d9\u043d", "\u0438\u043a\u043a\u0438", "\u0493\u0443\u0440", "\u0434\u0443", "\u0430\u043c\u0435\u0440\u0438\u043a\u0430", "\u043d\u0438\u04a3", "\u0434\u0435\u0433\u04d9\u043d", "\u0434\u04e9\u043b\u04d9\u0442"], ["\u0431\u0438\u043b\u04d9\u043d", "\u0441\u04e9\u0437", "\u0434\u0443", "\u0448\u0430\u04a3\u0440\u0438\u043b\u0430", "\u0438\u043a\u043a\u0438", "\u043e\u0442\u0442\u0443\u0440\u0438\u0441\u0438\u0434\u0438\u043a\u0438", "\u0493\u0443\u0440", "\u0445\u0438\u0442\u0430\u0438", "\u0434\u0435\u0433\u04d9\u043d", "\u043d\u0438\u04a3"], ["\u0445\u0438\u0442\u0430\u0438", "\u0431\u0438\u043b\u04d9\u043d", "\u0434\u0443", "\u0438\u043a\u043a\u0438", "\u0493\u0443\u0440", "\u0443\u0438", "\u0430\u043c\u0435\u0440\u0438\u043a\u0430", "\u043d\u0438\u04a3", "\u0434\u0435\u0433\u04d9\u043d", "\u0448\u0430\u04a3\u0440\u0438\u043b\u0430"], ["\u0445\u0438\u0442\u0430\u0438", "\u0443\u0438", "\u0434\u0443", "\u0438\u043a\u043a\u0438", "\u0493\u0443\u0440", "\u0431\u0438\u043b\u04d9\u043d", "\u0430\u043c\u0435\u0440\u0438\u043a\u0430", "\u043d\u0438\u04a3", "\u0434\u0435\u0433\u04d9\u043d", "\u0448\u0430\u04a3\u0440\u0438\u043b\u0430"], ["\u0441\u04e9\u0437", "\u043d\u0438\u04a3", "\u0434\u0443", "\u0431\u0438\u0437", "\u0445\u0438\u0442\u0430\u0438", "\u0448\u0430\u04a3\u0440\u0438\u043b\u0430", "\u0431\u0438\u043b\u04d9\u043d", "\u043e\u0442\u0442\u0443\u0440\u0438\u0441\u0438\u0434\u0438\u043a\u0438", "\u0435\u049b\u0438\u043d\u049b\u0438", "\u0438\u043a\u043a\u0438"], ["\u0431\u0435\u0440", "\u043c\u0435\u043d\u04d9\u043d", "\u0493\u044b\u043d\u0430", "\u0442\u0438\u043f", "\u0438\u043a\u0435", "\u0431\u044b\u043b", "\u0433\u0435\u043d\u04d9", "\u0430\u043b\u044b\u043f", "\u0442\u0443\u0440\u0430\u04bb\u044b\u043d\u0434\u0430", "\u0438\u0442\u04d9"], ["\u0431\u0438\u043b\u04d9\u043d", "\u0445\u0438\u0442\u0430\u0438", "\u0434\u0443", "\u0443\u0438", "\u0438\u043a\u043a\u0438", "\u0493\u0443\u0440", "\u043d\u0438\u04a3", "\u0430\u043c\u0435\u0440\u0438\u043a\u0430", "\u0434\u0435\u0433\u04d9\u043d", "\u0448\u0430\u04a3\u0440\u0438\u043b\u0430"], ["\u043e\u0438", "\u0445\u0430\u0440\u0430\u043a\u0442\u0435\u0440\u0438\u0434\u04d9", "\u0431\u0438\u043b\u043c\u04d9\u0438", "\u049b\u0438\u043b\u0438\u0448", "\u043d\u0443\u0440\u0493\u0443\u043d", "\u049b\u043e\u0431\u0443\u043b", "\u043a\u0438\u0442\u0430\u0431", "\u04e9\u0437\u0433\u0438\u0440\u0438\u0448\u043b\u04d9\u0440", "\u0443\u043b\u0430\u0440\u043d\u0438", "\u0442\u04d9\u049b\u0440\u0438\u0437\u0438"], ["\u0435\u049b\u0438\u043d\u049b\u0438", "\u0441\u04e9\u0437", "\u0431\u0438\u0437", "\u049b\u0438\u043b\u0438\u043f", "\u0448\u0430\u04a3\u0440\u0438\u043b\u0430", "\u043e\u0442\u0442\u0443\u0440\u0438\u0441\u0438\u0434\u0438\u043a\u0438", "\u0443\u043d\u0438\u04a3", "\u04bb\u04d9\u0440\u0431\u0438\u0438", "\u0432\u04d9\u0437\u0438\u0438", "\u0434\u0443"], ["\u0441\u04e9\u0437", "\u0431\u0438\u0437", "\u0431\u0438\u043b\u04d9\u043d", "\u0434\u0443", "\u0435\u049b\u0438\u043d\u049b\u0438", "\u043d\u0438\u04a3", "\u0448\u0430\u04a3\u0440\u0438\u043b\u0430", "\u043e\u0442\u0442\u0443\u0440\u0438\u0441\u0438\u0434\u0438\u043a\u0438", "\u0438\u043a\u043a\u0438", "\u04bb\u04d9\u0440\u0431\u0438\u0438"], ["\u0445\u0438\u0442\u0430\u0438", "\u0431\u0438\u043b\u04d9\u043d", "\u0443\u0438", "\u0434\u0443", "\u0438\u043a\u043a\u0438", "\u0493\u0443\u0440", "\u0430\u043c\u0435\u0440\u0438\u043a\u0430", "\u043d\u0438\u04a3", "\u0434\u0435\u0433\u04d9\u043d", "\u0448\u0430\u04a3\u0440\u0438\u043b\u0430"], ["\u043e\u0438", "\u0445\u0430\u0440\u0430\u043a\u0442\u0435\u0440\u0438\u0434\u04d9", "\u0431\u0438\u043b\u043c\u04d9\u0438", "\u049b\u0438\u043b\u0438\u0448", "\u043a\u0438\u0442\u0430\u0431", "\u0435\u049b\u0438\u043d\u049b\u0438", "\u043d\u0443\u0440\u0493\u0443\u043d", "\u049b\u043e\u0431\u0443\u043b", "\u04e9\u0437\u0433\u0438\u0440\u0438\u0448\u043b\u04d9\u0440", "\u049b\u04d9\u0434\u04d9\u043c"], ["\u0445\u0438\u0442\u0430\u0438", "\u0431\u0438\u043b\u04d9\u043d", "\u0443\u0438", "\u0434\u0443", "\u0438\u043a\u043a\u0438", "\u0493\u0443\u0440", "\u0430\u043c\u0435\u0440\u0438\u043a\u0430", "\u043d\u0438\u04a3", "\u0434\u0435\u0433\u04d9\u043d", "\u0448\u0430\u04a3\u0440\u0438\u043b\u0430"], ["\u0431\u0435\u0440", "\u0493\u044b\u043d\u0430", "\u0442\u0438\u043f", "\u043c\u0435\u043d\u04d9\u043d", "\u0433\u0435\u043d\u04d9", "\u0438\u043a\u0435", "\u0430\u043b\u044b\u043f", "\u0431\u0443\u043b\u044b\u043f", "\u043e\u0448\u043e", "\u0448\u0443\u043b"], ["\u043e\u0438", "\u0435\u049b\u0438\u043d\u049b\u0438", "\u0431\u0438\u043b\u043c\u04d9\u0438", "\u0445\u0430\u0440\u0430\u043a\u0442\u0435\u0440\u0438\u0434\u04d9", "\u049b\u0438\u043b\u0438\u0448", "\u04e9\u0437\u0433\u0438\u0440\u0438\u0448\u043b\u04d9\u0440", "\u043d\u0443\u0440\u0493\u0443\u043d", "\u049b\u043e\u0431\u0443\u043b", "\u049b\u04d9\u0434\u04d9\u043c", "\u043a\u0438\u0442\u0430\u0431"], ["\u0445\u0438\u0442\u0430\u0438", "\u0431\u0438\u043b\u04d9\u043d", "\u0443\u0438", "\u0434\u0443", "\u0438\u043a\u043a\u0438", "\u0493\u0443\u0440", "\u0430\u043c\u0435\u0440\u0438\u043a\u0430", "\u043d\u0438\u04a3", "\u0434\u0435\u0433\u04d9\u043d", "\u0448\u0430\u04a3\u0440\u0438\u043b\u0430"], ["\u0431\u0438\u043b\u04d9\u043d", "\u0445\u0438\u0442\u0430\u0438", "\u043d\u0438\u04a3", "\u0434\u0443", "\u0438\u043a\u043a\u0438", "\u0493\u0443\u0440", "\u0441\u04e9\u0437", "\u0430\u043c\u0435\u0440\u0438\u043a\u0430", "\u0448\u0430\u04a3\u0440\u0438\u043b\u0430", "\u0434\u0435\u0433\u04d9\u043d"], ["\u0445\u0438\u0442\u0430\u0438", "\u0431\u0438\u043b\u04d9\u043d", "\u0434\u0443", "\u0438\u043a\u043a\u0438", "\u0493\u0443\u0440", "\u0443\u0438", "\u0430\u043c\u0435\u0440\u0438\u043a\u0430", "\u043d\u0438\u04a3", "\u0434\u0435\u0433\u04d9\u043d", "\u0448\u0430\u04a3\u0440\u0438\u043b\u0430"], ["\u0431\u0435\u0440", "\u043c\u0435\u043d\u04d9\u043d", "\u0442\u0438\u043f", "\u0493\u044b\u043d\u0430", "\u0438\u043a\u0435", "\u0431\u044b\u043b", "\u0433\u0435\u043d\u04d9", "\u0443\u043d\u044b\u04a3", "\u0430\u043b\u044b\u043f", "\u04bb\u04d9\u043c"]],