{"coherence": 0.0317394602346129, "teacher_coherence": 0.1375768085615637, "top_tokens": [["\u0627\u062f\u0627\u06a9\u0627\u0631\u06c1", "\u0627\u06cc\u06a9", "\u0646\u06c1\u06cc\u06ba", "\u062a\u06be\u0627", "\u0641\u0644\u0645", "\u0627\u0646\u06c1\u0648\u06ba", "\u062a\u06be\u06cc", "\u06a9\u06c1\u0627", "\u06a9\u0627\u0645", "\u0627\u067e\u0646\u06cc"], ["\u06a9\u06c1\u0627", "\u0646\u06c1\u06cc\u06ba", "\u0627\u062f\u0627\u06a9\u0627\u0631\u06c1", "\u0627\u0646\u06c1\u0648\u06ba", "\u06a9\u0633\u06cc", "\u062a\u06be\u0627", "\u0627\u067e\u0646\u06d2", "\u0627\u06cc\u06a9", "\u06c1\u0648\u06ba", "\u06a9\u0648\u0626\u06cc"], ["\u0646\u06c1\u06cc\u06ba", "\u0641\u0644\u0645", "\u0627\u062f\u0627\u06a9\u0627\u0631\u06c1", "\u0628\u06c1\u062a", "\u0645\u06cc\u0688\u06cc\u0627", "\u06a9\u0648\u0626\u06cc", "\u062e\u0627\u0646", "\u062a\u06be\u0627", "\u0644\u06cc\u06a9\u0646", "\u062a\u06be\u06cc"], ["\u0645\u06cc\u0686", "\u0679\u06cc\u0645", "\u0633\u06cc\u0631\u06cc\u0632", "\u062d\u0627\u0635\u0644", "\u067e\u06c1\u0644\u06d2", "\u062f\u0648\u0633\u0631\u06d2", "\u06a9\u067e\u062a\u0627\u0646", "\u062f\u0631\u0645\u06cc\u0627\u0646", "\u06a9\u06be\u0644\u0627\u0691\u06cc", "\u062e\u0644\u0627\u0641"], ["\u0645\u06cc\u0686", "\u0679\u06cc\u0645", "\u067e\u0627\u06a9\u0633\u062a\u0627\u0646", "\u067e\u06c1\u0644\u06d2", "\u0633\u06cc\u0631\u06cc\u0632", "\u062e\u0644\u0627\u0641", "\u062d\u0627\u0635\u0644", "\u06a9\u067e\u062a\u0627\u0646", "\u06a9\u0631\u06a9\u0679", "\u062f\u0631\u0645\u06cc\u0627\u0646"], ["\u06a9\u06c1\u0627", "\u0646\u06c1\u06cc\u06ba", "\u06a9\u0631\u0646\u06d2", "\u0627\u06cc\u06a9", "\u067e\u0627\u06a9\u0633\u062a\u0627\u0646", "\u0633\u0627\u062a\u06be", "\u0644\u06cc\u06d2", "\u062a\u06be\u0627", "\u06a9\u0633\u06cc", "\u0627\u06cc\u0646"], ["\u06a9\u06be\u0644\u0627\u0691\u06cc", "\u06af\u0632\u0634\u062a\u06c1", "\u0644\u0627\u06c1\u0648\u0631", "\u062c\u0628\u06a9\u06c1", "\u062d\u0635\u06c1", "\u062f\u0648\u0631\u0627\u0646", "\u062f\u0631\u0645\u06cc\u0627\u0646", "\u067e\u0648\u0627\u0626\u0646\u0679", "\u0627\u0633\u0644\u0627\u0645", "\u0644\u06cc\u0627"], ["\u06a9\u06be\u0644\u0627\u0691\u06cc", "\u06a9\u067e\u062a\u0627\u0646", "\u0627\u0633\u0644\u0627\u0645", "\u067e\u06c1\u0644\u06cc", "\u062f\u0631\u0645\u06cc\u0627\u0646", "\u06af\u0632\u0634\u062a\u06c1", "\u0644\u0627\u06c1\u0648\u0631", "\u067e\u0648\u0627\u0626\u0646\u0679", "\u0644\u06cc\u0627", "\u0631\u06c1\u06cc"], ["\u0646\u06c1\u06cc\u06ba", "\u06a9\u06c1\u0627", "\u0627\u062f\u0627\u06a9\u0627\u0631\u06c1", "\u06c1\u0648\u0626\u06d2", "\u0627\u067e\u0646\u06d2", "\u0645\u06cc\u0688\u06cc\u0627", "\u0641\u0644\u0645", "\u0627\u0646\u06c1\u06cc\u06ba", "\u0627\u0646\u06c1\u0648\u06ba", "\u0628\u0627\u062a"], ["\u0645\u06cc\u0686", "\u0679\u06cc\u0645", "\u06a9\u0631\u06a9\u0679", "\u0633\u06cc\u0631\u06cc\u0632", "\u06a9\u06be\u0644\u0627\u0691\u06cc\u0648\u06ba", "\u067e\u0627\u06a9\u0633\u062a\u0627\u0646", "\u062e\u0644\u0627\u0641", "\u0627\u06cc\u06a9", "\u0645\u062d\u0645\u062f", "\u062f\u0631\u0645\u06cc\u0627\u0646"], ["\u067e\u0627\u06a9\u0633\u062a\u0627\u0646", "\u06a9\u0631\u06a9\u0679", "\u0627\u06cc\u0646", "\u06a9\u06cc\u0644\u0626\u06d2", "\u06a9\u06c1\u0627", "\u0679\u06cc\u0645", "\u0631\u0648\u067e\u06d2", "\u0634\u0627\u0645\u0644", "\u06c1\u0648\u0627", "\u0627\u0631\u062f\u0648"], ["\u06a9\u0631\u0646\u06d2", "\u062e\u0644\u0627\u0641", "\u0648\u062c\u06c1", "\u0637\u0631\u062d", "\u06a9\u0631\u0646\u0627", "\u0631\u0648\u067e\u06d2", "\u062a\u0645\u0627\u0645", "\u0642\u0648\u0645\u06cc", "\u0644\u06cc\u0627", "\u0632\u06cc\u0627\u062f\u06c1"], ["\u0627\u062f\u0627\u06a9\u0627\u0631\u06c1", "\u0641\u0644\u0645", "\u062e\u0627\u0646", "\u0646\u06c1\u06cc\u06ba", "\u062a\u06be\u0627", "\u0627\u067e\u0646\u06d2", "\u0627\u067e\u0646\u06cc", "\u0627\u06cc\u06a9", "\u062a\u06be\u06cc", "\u06a9\u0627\u0645"], ["\u0627\u062f\u0627\u06a9\u0627\u0631\u06c1", "\u0641\u0644\u0645", "\u0645\u06cc\u0688\u06cc\u0627", "\u0646\u0627\u0645", "\u062e\u0627\u0646", "\u0628\u06c1\u062a", "\u0627\u067e\u0646\u06cc", "\u067e\u06c1\u0644\u06cc", "\u0633\u0627\u062a\u06be", "\u0648\u0627\u0644\u06cc"], ["\u0641\u0644\u0645", "\u06a9\u0631\u0646\u06d2", "\u0644\u06cc\u06d2", "\u0646\u06c1\u06cc\u06ba", "\u0627\u06cc\u06a9", "\u0637\u0631\u062d", "\u06a9\u0627\u0645", "\u0628\u06c1\u062a", "\u06a9\u0633\u06cc", "\u0632\u06cc\u0627\u062f\u06c1"], ["\u06a9\u067e\u062a\u0627\u0646", "\u06a9\u06be\u0644\u0627\u0691\u06cc", "\u062d\u0635\u06c1", "\u067e\u06c1\u0644\u06cc", "\u0646\u0627\u0645", "\u0644\u06cc\u0627", "\u062f\u0631\u0645\u06cc\u0627\u0646", "\u062c\u0628\u06a9\u06c1", "\u06af\u0632\u0634\u062a\u06c1", "\u0642\u0648\u0645\u06cc"], ["\u0627\u062f\u0627\u06a9\u0627\u0631\u06c1", "\u062d\u0635\u06c1", "\u06c1\u0648\u06ba", "\u0644\u06cc\u0627", "\u0628\u06c1\u062a", "\u067e\u06c1\u0644\u06cc", "\u06a9\u0631\u0646\u0627", "\u0646\u0627\u0645", "\u0644\u06cc\u06d2", "\u0645\u06cc\u0688\u06cc\u0627"], ["\u067e\u0627\u06a9\u0633\u062a\u0627\u0646", "\u06a9\u06c1\u0627", "\u0627\u0646\u06c1\u0648\u06ba", "\u06a9\u0631\u0646\u06d2", "\u0645\u0644\u06a9", "\u0644\u06cc\u06d2", "\u06a9\u06cc\u0644\u0626\u06d2", "\u062c\u0627\u0626\u06d2", "\u0627\u06cc\u0633", "\u06a9\u0631\u062a\u06d2"], ["\u0631\u0648\u067e\u06d2", "\u0633\u0627\u0644", "\u06c1\u0648\u0627", "\u062f\u0648\u0631\u0627\u0646", "\u06af\u0626\u06cc", "\u0645\u0637\u0627\u0628\u0642", "\u062c\u0628\u06a9\u06c1", "\u062c\u0627\u0631\u06cc", "\u0631\u06c1\u0627", "\u067e\u0627\u06a9\u0633\u062a\u0627\u0646"], ["\u0679\u06cc\u0645", "\u0633\u06cc\u0631\u06cc\u0632", "\u06a9\u0631\u06a9\u0679", "\u067e\u0627\u06a9\u0633\u062a\u0627\u0646", "\u0645\u06cc\u0686", "\u0645\u062d\u0645\u062f", "\u0628\u0639\u062f", "\u062d\u0627\u0635\u0644", "\u06a9\u06be\u0644\u0627\u0691\u06cc\u0648\u06ba", "\u067e\u06c1\u0644\u06d2"]], "teacher_top_tokens": [["court", "judge", "prison", "trial", "guilty", "police", "charges", "prosecutors", "justice", "jury"], ["party", "clinton", "trump", "labour", "election", "voters", "republican", "bush", "would", "vote"], ["like", "get", "even", "time", "people", "much", "really", "think", "never", "many"], ["game", "players", "league", "season", "team", "games", "cup", "coach", "ball", "play"], ["labour", "tax", "party", "government", "cameron", "minister", "scottish", "mps", "abbott", "prime"], ["clinton", "obama", "trump", "republican", "bush", "state", "president", "republicans", "hillary", "presidential"], ["tea", "sweden", "grade", "howard", "miller", "kong", "wood", "jean", "bear", "evans"], ["per", "market", "oil", "cent", "prices", "sales", "growth", "bank", "investors", "price"], ["isis", "islamic", "syrian", "migrants", "syria", "refugees", "military", "forces", "attacks", "killed"], ["game", "players", "cup", "coach", "games", "league", "season", "team", "ball", "win"], ["police", "fire", "officers", "crash", "car", "shooting", "killed", "man", "officer", "plane"], ["health", "school", "schools", "patients", "nhs", "students", "cancer", "children", "care", "education"], ["family", "mother", "mrs", "told", "daughter", "children", "baby", "son", "woman", "died"], ["film", "photo", "music", "actress", "movie", "star", "los", "actor", "fashion", "awards"], ["researchers", "scientists", "cancer", "brain", "study", "cells", "patients", "research", "disease", "may"], ["water", "weather", "snow", "city", "rain", "space", "storm", "homes", "temperatures", "river"], ["tea", "sweden", "howard", "ford", "grade", "miller", "kong", "evans", "maryland", "windows"], ["nuclear", "iran", "russian", "russia", "china", "military", "putin", "korea", "chinese", "sanctions"], ["per", "market", "cent", "oil", "prices", "sales", "bank", "price", "growth", "investors"], ["game", "players", "coach", "season", "team", "win", "ball", "league", "cup", "games"]], "diversity": 0.36, "teacher_diversity": 0.76, "cls": 0.025323381647467613,