{"coherence": 0.022729520377028127, "teacher_coherence": 0.1286216488162596, "cv_coherence": 0.5597252787128926, "top_tokens": [["\u067e\u06c1\u0644\u06d2", "\u062d\u0627\u0635\u0644", "\u0628\u0646\u0627", "\u0631\u0646\u0632", "\u06a9\u06be\u06cc\u0644\u06d2", "\u0633\u06cc\u0631\u06cc\u0632", "\u067e\u0644\u06cc\u0626\u0631", "\u06a9\u06be\u0644\u0627\u0691\u06cc", "\u0634\u0627\u0646\u062f\u0627\u0631", "\u062e\u0644\u0627\u0641"], ["\u0627\u062f\u0627\u06a9\u0627\u0631\u06c1", "\u0631\u06cc\u0644\u06cc\u0632", "\u0627\u062f\u0627\u06a9\u0627\u0631", "\u0641\u0644\u0645", "\u0648\u0648\u0688", "\u0641\u0644\u0645\u0648\u06ba", "\u0645\u0645\u0628\u0626\u06cc", "\u0628\u0627\u0644\u06cc", "\u06a9\u067e\u0648\u0631", "\u0633\u0627\u062a\u06be"], ["\u06a9\u06c1\u0627", "\u0633\u0627\u062a\u06be", "\u06a9\u0631\u0646\u06d2", "\u0627\u06cc\u06a9", "\u0627\u067e\u0646\u06cc", "\u0627\u067e\u0646\u06d2", "\u0646\u06c1\u06cc\u06ba", "\u0628\u06c1\u062a", "\u0644\u06cc\u06d2", "\u0641\u0644\u0645"], ["\u06a9\u0645\u06cc", "\u0645\u06c1\u0646\u06af\u06cc", "\u0648\u0627\u062d\u062f", "\u0631\u062c\u062d\u0627\u0646", "\u0627\u06cc\u0646\u062c\u0644\u0633", "\u0641\u06cc\u0635\u062f", "\u0642\u062f\u0631", "\u0644\u0691\u06a9\u06cc", "\u0642\u06cc\u0645\u062a", "\u0645\u06c1\u0646\u06af\u0627\u0626\u06cc"], ["\u06a9\u0631\u06a9\u0679", "\u0679\u06cc\u0645", "\u0679\u06cc\u0633\u0679", "\u06a9\u06be\u0644\u0627\u0691\u06cc\u0648\u06ba", "\u06a9\u067e\u062a\u0627\u0646", "\u0633\u06cc\u0631\u06cc\u0632", "\u0631\u0646\u0632", "\u0627\u0646\u0646\u06af\u0632", "\u062d\u0627\u0635\u0644", "\u0634\u06a9\u0633\u062a"], ["\u0679\u06cc\u0645", "\u062e\u0644\u0627\u0641", "\u0633\u0631\u06cc", "\u0633\u06cc\u0631\u06cc\u0632", "\u0679\u06cc\u0633\u0679", "\u067e\u06c1\u0644\u06d2", "\u0631\u0646\u0632", "\u067e\u0627\u06a9\u0633\u062a\u0627\u0646", "\u06a9\u06be\u0644\u0627\u0691\u06cc\u0648\u06ba", "\u0644\u0646\u06a9\u0627"], ["\u0645\u0646\u0639\u0642\u062f", "\u062c\u0646\u0631\u0644", "\u0627\u0644\u062f\u06cc\u0646", "\u0634\u0631\u06a9\u062a", "\u062a\u0642\u0631\u06cc\u0628", "\u067e\u0648\u0644\u06cc\u0633", "\u0633\u06cc\u0646\u0645\u0627", "\u06af\u06be\u0631\u0648\u06ba", "\u0679\u0631\u06cc\u0644\u0631", "\u062a\u06cc\u0646\u0648\u06ba"], ["\u0627\u062f\u0627\u06a9\u0627\u0631\u06c1", "\u0641\u0644\u0645", "\u0627\u067e\u0646\u06cc", "\u0646\u06c1\u06cc\u06ba", "\u0633\u0627\u062a\u06be", "\u062e\u0627\u0646", "\u06a9\u0627\u0645", "\u0627\u062f\u0627\u06a9\u0627\u0631", "\u06a9\u06c1\u0627", "\u062a\u06be\u0627"], ["\u0631\u06cc\u0646\u06a9\u0646\u06af", "\u06a9\u067e\u062a\u0627\u0646", "\u06a9\u06be\u0644\u0627\u0691\u06cc\u0648\u06ba", "\u0628\u06cc\u0679\u0646\u06af", "\u067e\u0627\u06a9\u0633\u062a\u0627\u0646", "\u062e\u0644\u0627\u0641", "\u0679\u0627\u067e", "\u0679\u0648\u0626\u0646\u0679\u06cc", "\u0679\u06cc\u0645", "\u0634\u0627\u0646\u062f\u0627\u0631"], ["\u06a9\u0645\u06cc", "\u0642\u06cc\u0645\u062a", "\u0631\u0648\u067e\u06d2", "\u0627\u0636\u0627\u0641\u06c1", "\u0688\u0627\u0644\u0631", "\u0645\u0627\u0631\u06a9\u06cc\u0679", "\u0641\u06cc\u0635\u062f", "\u06af\u0626\u06cc", "\u0628\u0627\u0639\u062b", "\u0633\u0631\u0645\u0627\u06cc\u06c1"], ["\u06a9\u0645\u06cc", "\u0645\u0627\u0631\u06a9\u06cc\u0679", "\u0633\u0648\u062f\u06d2", "\u067e\u0648\u0627\u0626\u0646\u0679\u0633", "\u062d\u0635\u0635", "\u0628\u0691\u06be", "\u0645\u0646\u062f\u06cc", "\u0627\u0646\u0688\u06cc\u06a9\u0633", "\u0642\u06cc\u0645\u062a\u0648\u06ba", "\u0688\u0627\u0644\u0631"], ["\u0679\u0627\u067e", "\u062a\u06cc\u0646\u0648\u06ba", "\u0627\u06cc\u0648\u0646\u0679", "\u0679\u06cc\u0645\u06cc\u06ba", "\u0686\u06cc\u0645\u067e\u0626\u0646", "\u067e\u0648\u0632\u06cc\u0634\u0646", "\u0679\u0648\u0631\u0646\u0627\u0645\u0646\u0679", "\u0679\u0627\u0626\u0679\u0644", "\u0627\u0644\u062f\u06cc\u0646", "\u0634\u0631\u0648\u0639"], ["\u0627\u062f\u0627\u06a9\u0627\u0631\u06c1", "\u0646\u06c1\u06cc\u06ba", "\u06a9\u06c1\u0627", "\u0633\u0627\u062a\u06be", "\u062e\u0627\u0646", "\u0628\u0627\u062a", "\u0641\u0644\u0645", "\u0627\u06cc\u06a9", "\u0628\u06be\u0627\u0631\u062a\u06cc", "\u062a\u06be\u06cc"], ["\u0645\u0635\u0646\u0648\u0639\u0627\u062a", "\u062d\u06a9\u0648\u0645\u062a", "\u0645\u0632\u06cc\u062f", "\u0628\u06cc\u0631\u0648\u0646\u06cc", "\u0641\u06cc\u0635\u062f", "\u0635\u0627\u0631\u0641\u06cc\u0646", "\u067e\u06cc\u062f\u0627\u0648\u0627\u0631", "\u06a9\u0645\u06cc", "\u0642\u06cc\u0645\u062a", "\u067e\u06cc\u062f\u0627\u0648\u0627\u0631\u06cc"], ["\u0641\u0644\u0645", "\u0633\u0627\u062a\u06be", "\u062e\u0627\u0646", "\u0627\u062f\u0627\u06a9\u0627\u0631\u06c1", "\u0627\u062f\u0627\u06a9\u0627\u0631", "\u0646\u06c1\u06cc\u06ba", "\u06a9\u0627\u0645", "\u0627\u067e\u0646\u06cc", "\u0627\u06cc\u06a9", "\u0627\u067e\u0646\u06d2"], ["\u0633\u0627\u062a\u06be", "\u0627\u062f\u0627\u06a9\u0627\u0631\u06c1", "\u0641\u0644\u0645", "\u0627\u067e\u0646\u06d2", "\u0627\u062f\u0627\u06a9\u0627\u0631", "\u0648\u0648\u0688", "\u0645\u06cc\u0688\u06cc\u0627", "\u06a9\u067e\u0648\u0631", "\u0627\u067e\u0646\u06cc", "\u0627\u0646\u06c1\u06cc\u06ba"], ["\u06a9\u0631\u0646\u06d2", "\u0627\u0633\u062a\u0639\u0645\u0627\u0644", "\u0644\u06cc\u06d2", "\u0627\u06cc\u06a9", "\u06a9\u06c1\u0627", "\u0646\u06c1\u06cc\u06ba", "\u0635\u0627\u0631\u0641\u06cc\u0646", "\u0648\u0627\u0644\u06d2", "\u06a9\u0627\u0645", "\u0644\u06cc\u06a9\u0646"], ["\u0645\u06c1\u0646\u06af\u06cc", "\u0628\u06cc\u0631\u0648\u0646\u06cc", "\u062a\u06cc\u0644", "\u06a9\u0645\u06cc", "\u06c1\u0633\u067e\u062a\u0627\u0644", "\u0639\u0631\u0635\u06d2", "\u0645\u0639\u0627\u0648\u0646\u062a", "\u0627\u0633\u0679\u0627\u06a9", "\u0634\u062f\u06c1", "\u0688\u06cc\u0648\u0679\u06cc"], ["\u0634\u0627\u0646\u062f\u0627\u0631", "\u06a9\u06be\u06cc\u0644\u06d2", "\u062d\u0627\u0635\u0644", "\u0628\u0646\u0627\u0626\u06d2", "\u062e\u0644\u0627\u0641", "\u062c\u06cc\u062a", "\u06a9\u06cc\u06ba", "\u067e\u0648\u0632\u06cc\u0634\u0646", "\u06a9\u06be\u06cc\u0644", "\u062f\u0648\u0633\u0631\u06d2"], ["\u0645\u0639\u06cc\u0634\u062a", "\u06a9\u0627\u0631\u0648\u0628\u0627\u0631\u06cc", "\u0645\u06c1\u0646\u06af\u06cc", "\u062a\u0645\u0627\u0645", "\u0645\u0644\u06cc\u0646", "\u062d\u06a9\u0648\u0645\u062a", "\u0627\u062b\u0631\u0627\u062a", "\u0645\u0627\u06c1\u0631\u06cc\u0646", "\u0642\u06cc\u0645\u062a", "\u0645\u0644\u06a9"]],