{"coherence": 0.06368646108757123, "teacher_coherence": 0.1208713443671331, "cv_coherence": 0.600696662872445, "top_tokens": [["\u0644\u06af\u062a\u0627", "\u0628\u0631\u06cc", "\u063a\u0644\u0637", "\u062a\u06cc\u0646\u0648\u06ba", "\u0635\u0648\u0631\u062a", "\u06c1\u0648\u062c\u0627\u0626\u06d2", "\u062a\u06cc\u0632", "\u067e\u06cc\u0686\u06be\u06d2", "\u062f\u06a9\u06be\u0627\u0646\u06d2", "\u0642\u0631\u06cc\u0628"], ["\u0627\u067e\u0646\u06d2", "\u062a\u06be\u0627", "\u0646\u06c1\u06cc\u06ba", "\u0627\u062f\u0627\u06a9\u0627\u0631\u06c1", "\u0627\u06cc\u06a9", "\u0627\u0646\u06c1\u06cc\u06ba", "\u0645\u062c\u06be\u06d2", "\u062a\u06be\u06cc", "\u0644\u06a9\u06be\u0627", "\u0628\u0639\u062f"], ["\u06a9\u0645\u06cc", "\u0631\u0648\u067e\u06d2", "\u0627\u0636\u0627\u0641\u06c1", "\u0645\u0627\u0631\u06a9\u06cc\u0679", "\u0642\u06cc\u0645\u062a\u0648\u06ba", "\u0627\u06cc\u0633", "\u0627\u0631\u0628", "\u0688\u0627\u0644\u0631", "\u0645\u0627\u0644\u06cc", "\u0641\u06cc\u0635\u062f"], ["\u0631\u0648\u067e\u06d2", "\u0642\u06cc\u0645\u062a\u0648\u06ba", "\u0645\u0627\u0631\u06a9\u06cc\u0679", "\u0627\u0636\u0627\u0641\u06c1", "\u067e\u0648\u0627\u0626\u0646\u0679\u0633", "\u0627\u0646\u0688\u06cc\u06a9\u0633", "\u062d\u0635\u0635", "\u06a9\u0645\u06cc", "\u06c1\u0648\u0627", "\u0628\u0646\u062f"], ["\u0679\u06cc\u06a9\u0633", "\u0645\u0644\u06a9", "\u0627\u06cc\u0641", "\u06a9\u06c1\u0627", "\u062c\u0627\u0626\u06d2", "\u06a9\u0631\u0646\u06d2", "\u0639\u0645\u0644", "\u062d\u06a9\u0648\u0645\u062a", "\u0648\u0632\u06cc\u0631", "\u062a\u0645\u0627\u0645"], ["\u0641\u0648\u0646", "\u0639\u0627\u0645", "\u06c1\u0648\u0679\u0644", "\u063a\u0644\u0637", "\u0645\u0631\u06a9\u0632\u06cc", "\u0645\u0639\u0631\u0648\u0641", "\u0648\u06cc\u0628", "\u06a9\u0631\u0631\u06c1\u06cc", "\u0627\u06cc\u0633\u06d2", "\u0628\u0646\u0646\u06d2"], ["\u0633\u067e\u0648\u0631\u0679\u0633", "\u0627\u0633\u0644\u0627\u0645", "\u0641\u06cc\u0688\u0631\u06cc\u0634\u0646", "\u0628\u0627\u062f", "\u0627\u06cc\u0633\u0648\u0633\u06cc", "\u0627\u06cc\u0634\u0646", "\u0634\u0631\u06a9\u062a", "\u0644\u0627\u06c1\u0648\u0631", "\u0688\u0627\u0626\u0631\u06cc\u06a9\u0679\u0631", "\u0627\u0628\u0627\u062f"], ["\u0646\u06c1\u06cc\u06ba", "\u0627\u06cc\u06a9", "\u06a9\u06c1\u0627", "\u062a\u06be\u0627", "\u06a9\u0631\u06a9\u0679", "\u0627\u062f\u0627\u06a9\u0627\u0631\u06c1", "\u0627\u067e\u0646\u06d2", "\u062e\u0627\u0646", "\u0628\u0639\u062f", "\u06a9\u0631\u062a\u06d2"], ["\u0627\u0645\u0631\u06cc\u06a9\u06c1", "\u063a\u0644\u0637", "\u0644\u06af\u062a\u0627", "\u062a\u06cc\u0646\u0648\u06ba", "\u0679\u06cc\u0646\u0633", "\u0645\u0639\u0644\u0648\u0645", "\u0628\u0631\u06cc", "\u0642\u0631\u06cc\u0628", "\u067e\u06cc\u0686\u06be\u06d2", "\u0627\u0646\u0648\u0631"], ["\u0645\u06cc\u0686", "\u0631\u0646\u0632", "\u0633\u06cc\u0631\u06cc\u0632", "\u062d\u0627\u0635\u0644", "\u0679\u06cc\u0645", "\u067e\u06c1\u0644\u06d2", "\u0627\u0646\u06af\u0644\u06cc\u0646\u0688", "\u0628\u0646\u0627", "\u0679\u06cc\u0633\u0679", "\u06a9\u06be\u06cc\u0644\u06d2"], ["\u06a9\u06c1\u0627", "\u0679\u06cc\u06a9\u0633", "\u0686\u06cc\u0645\u0628\u0631", "\u0627\u0646\u06c1\u0648\u06ba", "\u062c\u0627\u0626\u06d2", "\u062d\u06a9\u0648\u0645\u062a", "\u0648\u0627\u0644\u06d2", "\u0648\u0632\u06cc\u0631", "\u0645\u0644\u06a9", "\u06a9\u0631\u06d2"], ["\u0641\u0644\u0645", "\u0631\u06cc\u0644\u06cc\u0632", "\u0641\u0644\u0645\u0648\u06ba", "\u0627\u062f\u0627\u06a9\u0627\u0631", "\u062e\u0627\u0646", "\u0648\u0648\u0688", "\u06a9\u0631\u062f\u0627\u0631", "\u0627\u0646\u0688\u0633\u0679\u0631\u06cc", "\u0633\u0644\u0645\u0627\u0646", "\u0633\u0627\u062a\u06be"], ["\u0641\u0644\u0645", "\u062e\u0627\u0646", "\u0627\u062f\u0627\u06a9\u0627\u0631", "\u0627\u067e\u0646\u06cc", "\u0627\u062f\u0627\u06a9\u0627\u0631\u06c1", "\u0633\u0627\u062a\u06be", "\u0648\u0648\u0688", "\u0633\u0644\u0645\u0627\u0646", "\u0631\u06cc\u0644\u06cc\u0632", "\u06a9\u067e\u0648\u0631"], ["\u0627\u062f\u0627\u06a9\u0627\u0631\u06c1", "\u062e\u0627\u0646", "\u0641\u0644\u0645", "\u0627\u06cc\u06a9", "\u0627\u062f\u0627\u06a9\u0627\u0631", "\u0648\u0648\u0688", "\u0631\u06cc\u0644\u06cc\u0632", "\u0648\u0627\u0644\u06cc", "\u0645\u06cc\u0631\u06d2", "\u0627\u067e\u0646\u06cc"], ["\u06a9\u0631\u06a9\u0679", "\u0679\u06cc\u0645", "\u067e\u0627\u06a9\u0633\u062a\u0627\u0646", "\u0645\u06cc\u0686", "\u0633\u06cc\u0631\u06cc\u0632", "\u06a9\u0648\u0686", "\u0648\u0631\u0644\u0688", "\u06a9\u06be\u0644\u0627\u0691\u06cc\u0648\u06ba", "\u0642\u0648\u0645\u06cc", "\u0679\u06cc\u0633\u0679"], ["\u0642\u06cc\u0645\u062a", "\u0631\u0648\u067e\u06d2", "\u0645\u0627\u0631\u06a9\u06cc\u0679", "\u06a9\u0645\u06cc", "\u0688\u0627\u0644\u0631", "\u0633\u0648\u0646\u06d2", "\u0641\u0631\u0648\u062e\u062a", "\u0631\u06cc\u06a9\u0627\u0631\u0688", "\u0627\u0636\u0627\u0641\u06c1", "\u0642\u06cc\u0645\u062a\u0648\u06ba"], ["\u06a9\u06c1\u0627", "\u0646\u06c1\u06cc\u06ba", "\u06a9\u0631\u0646\u06d2", "\u0679\u06cc\u06a9\u0633", "\u0627\u0646\u06c1\u0648\u06ba", "\u062f\u06cc\u0627", "\u062c\u0627\u0626\u06d2", "\u067e\u0627\u06a9\u0633\u062a\u0627\u0646", "\u0644\u06cc\u06d2", "\u062a\u0645\u0627\u0645"], ["\u0645\u0627\u0631\u06a9\u06cc\u0679", "\u06a9\u0645\u06cc", "\u0627\u0636\u0627\u0641\u06c1", "\u062c\u0628\u06a9\u06c1", "\u0642\u06cc\u0645\u062a", "\u0688\u0627\u0644\u0631", "\u0641\u06cc\u0635\u062f", "\u0631\u0648\u067e\u06d2", "\u0633\u0631\u0645\u0627\u06cc\u06c1", "\u0627\u0631\u0628"], ["\u06a9\u0631\u06a9\u0679", "\u0679\u06cc\u0645", "\u067e\u0627\u06a9\u0633\u062a\u0627\u0646", "\u06a9\u0648\u0686", "\u0628\u0648\u0631\u0688", "\u0642\u0648\u0645\u06cc", "\u06a9\u06c1\u0627", "\u0648\u0631\u0644\u0688", "\u0633\u0627\u0628\u0642", "\u06a9\u06be\u0644\u0627\u0691\u06cc\u0648\u06ba"], ["\u067e\u06c1\u0644\u06d2", "\u0645\u06cc\u0686", "\u0627\u0646\u06af\u0644\u06cc\u0646\u0688", "\u0631\u0646\u0632", "\u0634\u06a9\u0633\u062a", "\u0633\u06cc\u0631\u06cc\u0632", "\u0645\u06cc\u0686\u0648\u06ba", "\u0628\u0646\u0627", "\u062d\u0627\u0635\u0644", "\u062c\u06cc\u062a"]],